original	polished	Count
Total count: 	n=3557 (50% non-NA values)	Total count: 
Josephus, Flavius.	Josephus, Flavius	81
Fairfax, Thomas Fairfax	Fairfax, Thomas	74
L'Estrange, Roger	L'estrange, Roger	58
Caesar, Julius.	Caesar, Julius	55
Bolingbroke, Henry St. John	Bolingbroke, Henry St John	41
Florus, Lucius Annaeus.	Florus, Lucius Annaeus	39
Tacitus, Cornelius.	Tacitus, Cornelius	32
Erskine, Thomas Erskine	Erskine, Thomas	31
Jones, D.	Jones, D	31
Holles, Denzil Holles	Holles, Denzil	25
Ivernois, Francis d'	Ivernois, Francis D'	23
Johnson, R.	Johnson, R	22
O'Beirne, Thomas Lewis	O'beirne, Thomas Lewis	21
Hooke, N.	Hooke, N	19
Fairfax, Ferdinando Fairfax	Fairfax, Ferdinando	19
Dumouriez, Charles-François Du Périer	Dumouriez, Charles-françois Du Périer	18
L'Écluse des Loges, Pierre Mathurin de	L'écluse Des Loges, Pierre Mathurin De	17
Mirabeau, Gabriel-Honoré de Riquetti	Mirabeau, Gabriel-honoré De Riquetti	16
Du Bartas, Guillaume de Salluste	Du Bartas, Guillaume De Salluste	16
Montesquieu, Charles de Secondat	Montesquieu, Charles De Secondat	15
Calonne, Charles Alexandre de	Calonne, Charles Alexandre De	15
Peltier, Jean-Gabriel	Peltier, Jean-gabriel	13
Massie, J.	Massie, J	13
Inchiquin, Murrough O'Brien	Inchiquin, Murrough O'brien	13
Herbert of Cherbury, Edward Herbert	Herbert Of Cherbury, Edward	12
Hervey, John Hervey	Hervey, John	11
Courtilz de Sandras, Gatien	Courtilz De Sandras, Gatien	11
Goring, George Goring	Goring, George	11
D'Avenant, William	D'avenant, William	11
Dilworth, W. H.	Dilworth, W H	10
Rokeby, Matthew Robinson-Morris	Rokeby, Matthew Robinson-morris	10
Rabaut, Jean-Paul	Rabaut, Jean-paul	10
Ferne, H.	Ferne, H	10
Monipennie, John.	Monipennie, John	9
Brackenridge, H. H.	Brackenridge, H H	9
Shaveblock, Pasquin.	Shaveblock, Pasquin	9
Curtius Rufus, Quintus.	Curtius Rufus, Quintus	9
Somers, John Somers	Somers, John	8
Justinus, Marcus Junianus.	Justinus, Marcus Junianus	8
Commynes, Philippe de	Commynes, Philippe De	8
Exquemelin, A. O.	Exquemelin, O	8
Tindal, N.	Tindal, N	8
Holwell, J. Z.	Holwell, J Z	8
Fleetwood, John.	Fleetwood, John	8
Weld, Matthew.	Weld, Matthew	8
Easton, James.	Easton, James	8
D'Auvergne, Edward	D'auvergne, Edward	8
King, Peter King	King, Peter	8
Serres, Jean de	Serres, Jean De	8
D'Ewes, Simonds	D'ewes, Simonds	8
Langdale, Marmaduke Langdale	Langdale, Marmaduke	7
Bicheno, J.	Bicheno, J	7
Condorcet, Jean-Antoine-Nicolas de Caritat	Condorcet, Jean-antoine-nicolas De Caritat	7
Lally-Tolendal, Trophime-Gérard	Lally-tolendal, Trophime-gérard	7
Barbé-Marbois, François	Barbé-marbois, François	7
Comerford, T.	Comerford, T	7
Pulteney, William.	Pulteney, William	7
St. John, Oliver	St John, Oliver	7
Hamilton, James Hamilton	Hamilton, James	7
Capriata, Pier Giovanni.	Capriata, Pier Giovanni	7
Schomberg, Friedrich Hermann Schomberg	Schomberg, Friedrich Hermann	7
Giraffi, Alessandro.	Giraffi, Alessandro	7
Spittlehouse, John.	Spittlehouse, John	7
Lyttelton, George Lyttelton	Lyttelton, George	6
Anderson, Aeneas.	Anderson, Aeneas	6
Brockwell, Charles.	Brockwell, Charles	6
Cicero, Marcus Tullius.	Cicero, Marcus Tullius	6
Winer, Robert.	Winer, Robert	6
Solís, Antonio de	Solís, Antonio De	6
Feuquières, Antoine de Pas	Feuquières, Antoine De Pas	6
Wharton, Thomas Wharton	Wharton, Thomas	6
Richelieu, Armand Jean du Plessis	Richelieu, Armand Jean Du Plessis	6
Freize, James.	Freize, James	6
Wilbee, Amon.	Wilbee, Amon	6
Whetcombe, Tristram.	Whetcombe, Tristram	6
Crull, J.	Crull, J	6
Beech, William.	Beech, William	5
Chauvet, D.	Chauvet, D	5
Louvet de Couvray, Jean-Baptiste	Louvet De Couvray, Jean-baptiste	5
Jeffreys, George Jeffreys	Jeffreys, George	5
O'Connor, Arthur	O'connor, Arthur	5
Goupil, Pierre Étienne Auguste.	Goupil, Pierre étienne Auguste	5
Hodges, James.	Hodges, James	5
Clanricarde, Ulick de Burgh	Clanricarde, Ulick De Burgh	5
Fortune, T.	Fortune, T	5
Button, Edward.	Button, Edward	5
Midon, Francis.	Midon, Francis	5
Huet, Pierre-Daniel	Huet, Pierre-daniel	5
Mauvillon, Éléazar de	Mauvillon, éléazar De	5
Rudd, Pemberton.	Rudd, Pemberton	5
Cowper, William Cowper	Cowper, William	5
Broughton, Richard.	Broughton, Richard	5
Ker, George.	Ker, George	5
Mornay, Philippe de	Mornay, Philippe De	5
Ball, William.	Ball, William	5
L'Estrange, Hamon	L'estrange, Hamon	5
Whitrowe, Joan.	Whitrowe, Joan	5
Corbet, Roger.	Corbet, Roger	5
Russel, William Augustus.	Russel, William Augustus	4
Coade, G.	Coade, G	4
Rulhière, Claude Carloman de	Rulhière, Claude Carloman De	4
Saint-Simon, Louis de Rouvroy	Saint-simon, Louis De Rouvroy	4
Scrafton, Luke.	Scrafton, Luke	4
La Motte, Jeanne de Saint-Rémy de Valois	Motte, Jeanne De Saint-rémy De Valois	4
Dutens, L.	Dutens, L	4
Raymond, George Frederick.	Raymond, George Frederick	4
Spencer, Joshua.	Spencer, Joshua	4
Wright, J.	Wright, J	4
Colliber, Samuel.	Colliber, Samuel	4
Houlbrook, William.	Houlbrook, William	4
O'Dogherty, William	O'dogherty, William	4
Warrington, William.	Warrington, William	4
Mountmorres of Castlemorres, Hervey Redmond Morres	Mountmorres Of Castlemorres, Hervey Redmond Morres	4
Wharton, Philip Wharton	Wharton, Philip	4
Morgan, J.	Morgan, J	4
Taaffe, Nicholas Taaffe	Taaffe, Nicholas	4
Trant, Dominick.	Trant, Dominick	4
Bellamy, D.	Bellamy, D	4
Luchet, Jean-Pierre-Louis de	Luchet, Jean-pierre-louis De	4
Hooper, Jacob.	Hooper, Jacob	4
O'Flaherty, Roderic	O'flaherty, Roderic	4
Cerdan, Jean-Paul	Cerdan, Jean-paul	4
Grenville, William Wyndham Grenville	Grenville, William Wyndham	4
Sandoval, Prudencio de	Sandoval, Prudencio De	4
Bigot de Sainte-Croix, Louis Claude	Bigot De Sainte-croix, Louis Claude	4
Craufurd, George.	Craufurd, George	4
Bèze, Théodore de	Bèze, Théodore De	4
Clapham, Henoch.	Clapham, Henoch	4
Chidley, Samuel.	Chidley, Samuel	4
Everard, Edmund.	Everard, Edmund	4
Gand, Louis de.	Gand, Louis De	4
Thou, Jacques-Auguste de	Thou, Jacques-auguste De	4
Willoughby of Parham, Francis Willoughby	Willoughby Of Parham, Francis	4
Campion, Robert.	Campion, Robert	4
Vega, Garcilaso de la	Vega, Garcilaso De La	4
Paget, William Paget	Paget, William	4
Crosfeild, Robert.	Crosfeild, Robert	4
Fannant, Thomas.	Fannant, Thomas	4
Symmons, Edward.	Symmons, Edward	4
Bos, Lambert van den	Bos, Lambert Van Den	4
Saintliger, W.	Saintliger, W	4
Capel of Hadham, Arthur Capel	Capel Of Hadham, Arthur	4
Vaughan, Rice.	Vaughan, Rice	4
Hopton, Ralph Hopton	Hopton, Ralph	4
Basill, William.	Basill, William	4
Rosse, William.	Rosse, William	4
Poyntz, Sydenham.	Poyntz, Sydenham	4
Rishton, Robert.	Rishton, Robert	4
Howe, William Howe	Howe, William	3
Mullenaux, Samuel.	Mullenaux, Samuel	3
La Motte, Yves-Joseph.	Motte, Yves-joseph	3
Croke, Unton.	Croke, Unton	3
Marmontel, Jean-François	Marmontel, Jean-françois	3
Hastings, Francis Rawdon-Hastings	Hastings, Francis Rawdon-hastings	3
Koops, Matthias.	Koops, Matthias	3
Fowler, Benjamin.	Fowler, Benjamin	3
Bird, Benjamin.	Bird, Benjamin	3
M'Culloch, John	M'culloch, John	3
Grey, Isaac.	Grey, Isaac	3
Moreau de Saint-Méry, M. L. E.	Moreau De Saint-méry, M L E	3
Tailfer, Patrick.	Tailfer, Patrick	3
Livingston, Robert R.	Livingston, Robert R	3
Leacock, John.	Leacock, John	3
Thrum, Tam.	Thrum, Tam	3
McAlpine, J.	Mcalpine, J	3
Sénac de Meilhan, Gabriel	Sénac De Meilhan, Gabriel	3
Newcastle, Thomas Pelham-Holles	Newcastle, Thomas Pelham-holles	3
Shaftoe, Frances.	Shaftoe, Frances	3
L'Isle, Evrard de	L'isle, Evrard De	3
Lahontan, Louis Armand de Lom d'Arce	Lahontan, Louis Armand De Lom D'arce	3
D'Anvers, Caleb.	D'anvers, Caleb	3
Larrey, Isaac de	Larrey, Isaac De	3
Lamotte, Charles.	Lamotte, Charles	3
Cunningham, T.	Cunningham, T	3
Fontenelle, Bernard Le Bovier de	Fontenelle, Bernard Le Bovier De	3
Armstrong, Mostyn John.	Armstrong, Mostyn John	3
Saavedra Fajardo, Diego de	Saavedra Fajardo, Diego De	3
M'Mahon, Thomas O'Brien.	M'mahon, Thomas O'brien	3
Craufurd, Q.	Craufurd, Q	3
Schwan, Christian Friedrich.	Schwan, Christian Friedrich	3
Turretin, Jean-Alphonse	Turretin, Jean-alphonse	3
Goguet, Antoine-Yves	Goguet, Antoine-yves	3
Skerret, R.	Skerret, R	3
Duguay-Trouin, René	Duguay-trouin, René	3
Sydney, Temple.	Sydney, Temple	3
Krusiński, Judas Thaddaeus.	Krusiński, Judas Thaddaeus	3
Clarke, Thomas Brooke.	Clarke, Thomas Brooke	3
Tracy, Darby.	Tracy, Darby	3
Retz, Jean François Paul de Gondi de	Retz, Jean François Paul De Gondi De	3
Minucius Felix, Marcus.	Minucius Felix, Marcus	3
Troughton, Thomas.	Troughton, Thomas	3
Thomas, M.	Thomas, M	3
Castéra, Jean-Henri	Castéra, Jean-henri	3
Bousfield, Benjamin.	Bousfield, Benjamin	3
Tonkin, Mary.	Tonkin, Mary	3
Lyttelton, Thomas Lyttelton	Lyttelton, Thomas	3
Seacome, John.	Seacome, John	3
Cawthorne, Joseph.	Cawthorne, Joseph	3
Mairobert, Mathieu François Pidanzat de	Mairobert, Mathieu François Pidanzat De	3
Saint-Pierre, Charles Irénée Castel de	Saint-pierre, Charles Irénée Castel De	3
Mullala, James.	Mullala, James	3
Menteith, Robert.	Menteith, Robert	3
Salmon, N.	Salmon, N	3
Limborch, Philippus van	Limborch, Philippus Van	3
Barnard, Edward.	Barnard, Edward	3
Mairobert, Mathieu François Pidanzat de	Mairobert, Mathieu François Pidanzat De	3
Stuart, C.	Stuart, C	3
Ashburton, Charles Alfred.	Ashburton, Charles Alfred	3
Macartney, George Macartney	Macartney, George	3
Orléans, Pierre Joseph d'	Orléans, Pierre Joseph D'	3
Charlevoix, Pierre-François-Xavier de	Charlevoix, Pierre-françois-xavier De	3
Quesnay de Saint-Germain, Robert-François-Joseph	Quesnay De Saint-germain, Robert-françois-joseph	3
Gerahty, James.	Gerahty, James	3
O'Halloran, Sylvester	O'halloran, Sylvester	3
Wylie, Robert.	Wylie, Robert	3
Antraigues, Emmanuel-Louis-Henri-Alexandre de Launay	Antraigues, Emmanuel-louis-henri-alexandre De Launay	3
McWard, Robert	Mcward, Robert	3
Stanhope, Charles Stanhope	Stanhope, Charles	3
Turnbull, Gordon.	Turnbull, Gordon	3
Asplin, Samuel.	Asplin, Samuel	3
Lattin, Patrick.	Lattin, Patrick	3
La Noue, François de	Noue, François De	3
Valdés, Alfonso de	Valdés, Alfonso De	3
Nixon, Anthony.	Nixon, Anthony	3
Willoughby de Eresby, Peregrine Bertie	Willoughby De Eresby, Peregrine Bertie	3
Duncon, Samuel.	Duncon, Samuel	3
Montagu, Ralph Montagu	Montagu, Ralph	3
Abudacnus, Josephus.	Abudacnus, Josephus	3
Brayne, John.	Brayne, John	3
Reede-Ginckel, Godard	Reede-ginckel, Godard	3
Danvers, John.	Danvers, John	3
Ramsey, Thomas.	Ramsey, Thomas	3
Matthew, Edward.	Matthew, Edward	3
Pora, Charles.	Pora, Charles	3
Burridge, Ezekiel.	Burridge, Ezekiel	3
Chamberlen, Hugh.	Chamberlen, Hugh	3
Monro, Robert.	Monro, Robert	3
Freeman, Francis.	Freeman, Francis	3
Fowler, J.	Fowler, J	3
Knight, Val.	Knight, Val	3
Bladen, W.	Bladen, W	3
Freire de Andrade, Jacinto	Freire De Andrade, Jacinto	3
Enos, Walter.	Enos, Walter	3
Corbet, Jeffrey.	Corbet, Jeffrey	3
La Calprenède, Gaultier de Coste	Calprenède, Gaultier De Coste	3
Palafox y Mendoza, Juan de	Palafox Y Mendoza, Juan De	3
Ravenhill, William.	Ravenhill, William	3
El., M.	El, M	3
St. Serfe, Thomas	St Serfe, Thomas	3
Thomson, R.	Thomson, R	3
Pinnell, Henry.	Pinnell, Henry	3
Sampford, H.	Sampford, H	3
Wantner, Abel.	Wantner, Abel	3
Covel, William.	Covel, William	3
Gostelo, Walter.	Gostelo, Walter	3
Henrietta Maria, consort of Charles I, King of England	Henrietta Maria, Consort Of Charles I King Of England	3
Burrell, Andrewes.	Burrell, Andrewes	3
Huntington, Robert.	Huntington, Robert	3
Haward, Lazarus.	Haward, Lazarus	3
Newrobe, Richard.	Newrobe, Richard	3
Littleton, Edward Littleton	Littleton, Edward	3
Boissy d'Anglas, François Antoine	Boissy D'anglas, François Antoine	3
La Tour, Filliberto Sallier de.	Tour, Filliberto Sallier De	2
Fage, Robert.	Fage, Robert	2
Forth and Brentford, Patrick Ruthven	Forth And Brentford, Patrick Ruthven	2
Kirle, Robert.	Kirle, Robert	2
Ducket, Thomas.	Ducket, Thomas	2
Andrewes, R.	Andrewes, R	2
Le Ragois, Claude.	Le Ragois, Claude	2
[Orsbridge, Philip]	Orsbridge, Philip	2
Maubert de Gouvest, Jean-Henri	Maubert De Gouvest, Jean-henri	2
Brooks, Francis.	Brooks, Francis	2
Smith, Matthew.	Smith, Matthew	2
McNutt, Alexander	Mcnutt, Alexander	2
Saint-Pierre, Bernardin de	Saint-pierre, Bernardin De	2
Remington, E.	Remington, E	2
Blagge, Benjamin.	Blagge, Benjamin	2
Collot, Georges-Henri-Victor	Collot, Georges-henri-victor	2
Gatchel, Samuel.	Gatchel, Samuel	2
Bohun, William.	Bohun, William	2
Calet, Jean Jacques.	Calet, Jean Jacques	2
Bishop, Abraham.	Bishop, Abraham	2
Plant, Thomas.	Plant, Thomas	2
Mein, John.	Mein, John	2
Flagg, James.	Flagg, James	2
Casa Yrujo, Carlos Martínez de Yrujo y Tacón	Casa Yrujo, Carlos Martínez De Yrujo Y Tacón	2
Fleming, William.	Fleming, William	2
Kunze, John C.	Kunze, John C	2
Amherst, Jeffery Amherst	Amherst, Jeffery	2
Nott, Job.	Nott, Job	2
Butel-Dumont, George Marie	Butel-dumont, George Marie	2
O'Keeffe, John	O'keeffe, John	2
La Motte, Philémon de.	Motte, Philémon De	2
Plantavit de la Pause, Guillaume	Plantavit De La Pause, Guillaume	2
Walker, Joseph C.	Walker, Joseph C	2
O'Conor, Charles	O'conor, Charles	2
Walpole, Horatio Walpole	Walpole, Horatio	2
Philipps, J. T.	Philipps, J T	2
Bicknell, John.	Bicknell, John	2
Bouillé, François-Claude-Amour	Bouillé, François-claude-amour	2
England, George.	England, George	2
Coquereau, Jean-Baptiste-Louis.	Coquereau, Jean-baptiste-louis	2
Roustan, Ant. Jaq.	Roustan, Ant Jaq	2
Hamond, J.	Hamond, J	2
Pointis, Jean-Bernard-Louis	Pointis, Jean-bernard-louis	2
Gay, Nicholas.	Gay, Nicholas	2
Dalzel, Archibald.	Dalzel, Archibald	2
Wallace, James.	Wallace, James	2
Donneau de Visé, Jean	Donneau De Visé, Jean	2
Le Vassor, Michel.	Le Vassor, Michel	2
Disney, Daniel.	Disney, Daniel	2
Scipio, Cornelius.	Scipio, Cornelius	2
Dring, Thomas.	Dring, Thomas	2
La Pilonnière, François de	Pilonnière, François De	2
Riley, George.	Riley, George	2
Méhégan, Guillaume-Alexandre de	Méhégan, Guillaume-alexandre De	2
Hall, Fayrer.	Hall, Fayrer	2
Juvenel de Carlencas, Félix de	Juvenel De Carlencas, Félix De	2
Roe, Robert.	Roe, Robert	2
Wilde, John.	Wilde, John	2
Johnson, Anthony.	Johnson, Anthony	2
Drevon, I. F. Henry.	Drevon, F Henry	2
Mackenzie, Anna Maria.	Mackenzie, Anna Maria	2
Sinclair, John Gordon.	Sinclair, John Gordon	2
Jourdan, Jean-Baptiste	Jourdan, Jean-baptiste	2
Clarendon, R. V.	Clarendon, R V	2
D'Assigny, Marius	D'assigny, Marius	2
Habesci, Elias.	Habesci, Elias	2
Clarendon, Hugh.	Clarendon, Hugh	2
Ward, R. Plumer	Ward, R Plumer	2
Boutet, Claude.	Boutet, Claude	2
Eden, Adam.	Eden, Adam	2
St. Amand, George.	St Amand, George	2
Le Pointe, Thomas.	Le Pointe, Thomas	2
Myles, William.	Myles, William	2
Stedman, C.	Stedman, C	2
Justice, Alexander.	Justice, Alexander	2
Steel, David.	Steel, David	2
Mountague, William Henry.	Mountague, William Henry	2
Grey, G.	Grey, G	2
Arnold, Charles Henry.	Arnold, Charles Henry	2
Turreau de Garambouville, Louis-Marie	Turreau De Garambouville, Louis-marie	2
Hilliard d'Auberteuil, Michel-René	Hilliard D'auberteuil, Michel-rené	2
Wallis, Ninian.	Wallis, Ninian	2
Bergasse, Nicolas.	Bergasse, Nicolas	2
Burrish, Onslow.	Burrish, Onslow	2
MacAllester, Oliver.	Macallester, Oliver	2
Béraud, Paul-Emilien	Béraud, Paul-emilien	2
Maillet, Benoı̂t de	Maillet, Benoı̂t De	2
Tod, T.	Tod, T	2
Thou, Jacques Auguste de	Thou, Jacques Auguste De	2
Baston, Thomas.	Baston, Thomas	2
Anburey, Thomas.	Anburey, Thomas	2
Dubourdieu, Jean-Armand	Dubourdieu, Jean-armand	2
Waddel, George.	Waddel, George	2
Pope, Luke.	Pope, Luke	2
Laurence, R.	Laurence, R	2
Willich, A. F. M.	Willich, F M	2
La Touche, James Digges	Touche, James Digges	2
Prenties, Samuel Waller.	Prenties, Samuel Waller	2
Patono, Benedetto.	Patono, Benedetto	2
MacGregory, John.	Macgregory, John	2
Anstie, John.	Anstie, John	2
Phillips, J.	Phillips, J	2
Chetwood, W. R.	Chetwood, W R	2
O'Connor, Roger	O'connor, Roger	2
La Croix, de	Croix, De	2
Lally-Tolendal, Trophime-Gérard	Lally-tolendal, Trophime-gérard	2
Dyde, William.	Dyde, William	2
Staal, Marguerite-Jeanne	Staal, Marguerite-jeanne	2
Perreau, Jean-André	Perreau, Jean-andré	2
Berington, Thomas.	Berington, Thomas	2
Leggett, Richard.	Leggett, Richard	2
Papon, Jean-Pierre	Papon, Jean-pierre	2
Ferrière, Claude Joseph de	Ferrière, Claude Joseph De	2
Châlons, Vincent-Claude	Châlons, Vincent-claude	2
Palm, Karl Josef von.	Palm, Karl Josef Von	2
Blenman, Jonathan.	Blenman, Jonathan	2
Brookes, R.	Brookes, R	2
Juniper, J.	Juniper, J	2
Le Marchant, William.	Le Marchant, William	2
Bullingbrooke, Edward.	Bullingbrooke, Edward	2
Kincaid, Alexander.	Kincaid, Alexander	2
Hervey, Frederic.	Hervey, Frederic	2
MacBride, John	Macbride, John	2
Stanhope, James Stanhope	Stanhope, James	2
Watson-Taylor, George	Watson-taylor, George	2
Pitt, W. M.	Pitt, W M	2
Pictet, François Pierre.	Pictet, François Pierre	2
Frey, Andreas.	Frey, Andreas	2
French, Robert.	French, Robert	2
Orr, Robert.	Orr, Robert	2
Beringer, Joachim.	Beringer, Joachim	2
Farley, Henry.	Farley, Henry	2
Colynet, Antony.	Colynet, Antony	2
Frégeville, Jean de.	Frégeville, Jean De	2
Scot, Patrick.	Scot, Patrick	2
Woodhouse, John.	Woodhouse, John	2
Tedder, William.	Tedder, William	2
Felice, Costanzo.	Felice, Costanzo	2
Muriell, Christopher.	Muriell, Christopher	2
Busher, Leonard.	Busher, Leonard	2
Brinckmair, L.	Brinckmair, L	2
Bazan, Álvaro de	Bazan, álvaro De	2
Rusdorf, Johann Joachim von	Rusdorf, Johann Joachim Von	2
Orlers, Jan Janszn.	Orlers, Jan Janszn	2
Bonoeil, John.	Bonoeil, John	2
López de Gómara, Francisco	López De Gómara, Francisco	2
La Martelière, Pierre de	Martelière, Pierre De	2
Knight, Francis.	Knight, Francis	2
Blenerhasset, Thomas.	Blenerhasset, Thomas	2
Hatt, Martha Arundel.	Hatt, Martha Arundel	2
Browne, Edward.	Browne, Edward	2
Ellyson, Thomas.	Ellyson, Thomas	2
Antrim, Randal MacDonnell	Antrim, Randal Macdonnell	2
[Baldwin, D]	Baldwin, D	2
Avery, J.	Avery, J	2
Claro-Vado, Ed. de.	Claro-vado, Ed De	2
Crysly, James.	Crysly, James	2
Bellew, Thomas.	Bellew, Thomas	2
Hunton, Samuel.	Hunton, Samuel	2
Kaye, William.	Kaye, William	2
[Paton, George]	Paton, George	2
Mapas, John.	Mapas, John	2
Philpot, Thomas.	Philpot, Thomas	2
Poole, Elizabeth.	Poole, Elizabeth	2
Préchac, Jean de	Préchac, Jean De	2
Schomberg, Charles Schomberg	Schomberg, Charles	2
Shadforth, Thomas.	Shadforth, Thomas	2
Witherings, William.	Witherings, William	2
Smith, Humphry.	Smith, Humphry	2
Tavernier, Jean-Baptiste	Tavernier, Jean-baptiste	2
Tyler, Alexander.	Tyler, Alexander	2
Walby, Anthony.	Walby, Anthony	2
[Wood, P.]	Wood, P	2
Younge, Richard.	Younge, Richard	2
Waersegger, Abraham.	Waersegger, Abraham	2
Herault, Louis.	Herault, Louis	2
Avaux, Jean-Antoine de Mesmes	Avaux, Jean-antoine De Mesmes	2
Gaujac, Peter Gally de.	Gaujac, Peter Gally De	2
Hedworth, John.	Hedworth, John	2
Broë, S. de	Broë, De	2
Okeham, William.	Okeham, William	2
Argyll, Archibald Campbell, Earl of	Argyll, Archibald Campbell Earl Of	2
Pointz, John.	Pointz, John	2
Brimpahir, George.	Brimpahir, George	2
Pigot, John.	Pigot, John	2
O'Neill, Owen Roe	O'neill, Owen Roe	2
Pugh, Thomas.	Pugh, Thomas	2
Gower, Stanley.	Gower, Stanley	2
Boyse, J.	Boyse, J	2
Weston, Charles.	Weston, Charles	2
Losa, Francisco de	Losa, Francisco De	2
Gearing, William.	Gearing, William	2
Gailhard, J.	Gailhard, J	2
Collop, John.	Collop, John	2
Comyne, Eustace.	Comyne, Eustace	2
Webbe, Thomas.	Webbe, Thomas	2
Fitzgerald, David.	Fitzgerald, David	2
Lawson, Deodat.	Lawson, Deodat	2
Baston, Samuel.	Baston, Samuel	2
Carol, James.	Carol, James	2
D'Urfey, Thomas	D'urfey, Thomas	2
Alured, Matthew.	Alured, Matthew	2
Whitaker, Edward.	Whitaker, Edward	2
Pointis, Jean-Bernard-Louis Desjean	Pointis, Jean-bernard-louis Desjean	2
O'Neill, Phelim	O'neill, Phelim	2
Fletcher, Henry.	Fletcher, Henry	2
Malkin, G.	Malkin, G	2
Bulkley, Thomas.	Bulkley, Thomas	2
Quatermayne, Roger.	Quatermayne, Roger	2
Lombard, André.	Lombard, André	2
Le Grosse, Robert.	Le Grosse, Robert	2
Whittle, Seth.	Whittle, Seth	2
Ronsgore, John.	Ronsgore, John	2
Noddel, Daniel.	Noddel, Daniel	2
Grebner, Paul.	Grebner, Paul	2
Pight, Richard.	Pight, Richard	2
Novell, John.	Novell, John	2
Oxford, Wendy.	Oxford, Wendy	2
Foster, Henry.	Foster, Henry	2
Shapcott, Robert.	Shapcott, Robert	2
Fletcher, R.	Fletcher, R	2
Le White, Thomas.	Le White, Thomas	2
Adis, Henry.	Adis, Henry	2
Alleyn, Thomas.	Alleyn, Thomas	2
Rolph, Edmund.	Rolph, Edmund	2
Behr, Hans.	Behr, Hans	2
Finch of Fordwich, John Finch	Finch Of Fordwich, John	2
Battie, John.	Battie, John	2
Tromp, Maarten Harpertsz.	Tromp, Maarten Harpertsz	2
Cheesman, Christopher.	Cheesman, Christopher	2
Bradshaw, Ellis.	Bradshaw, Ellis	2
Elslyott, Thomas.	Elslyott, Thomas	2
Naylier, John.	Naylier, John	2
Saint-Leger, Anthony	Saint-leger, Anthony	2
Warren, Albertus.	Warren, Albertus	2
Winyard, Thomas.	Winyard, Thomas	2
Steuart, Adam.	Steuart, Adam	2
Salmon, Joseph.	Salmon, Joseph	2
Victor, Verity.	Victor, Verity	2
Hamilton, William Hamilton	Hamilton, William	2
Heydon, J.	Heydon, J	2
Garbutt, Richard.	Garbutt, Richard	2
Derham, Robert.	Derham, Robert	2
Palluau, Philippe de Clérembault	Palluau, Philippe De Clérembault	2
Touchstone, Timothy.	Touchstone, Timothy	2
Parival, Jean-Nicolas de	Parival, Jean-nicolas De	2
Sanders, Jonathan.	Sanders, Jonathan	2
Saxon, Thomas.	Saxon, Thomas	2
Shones, Shon ap.	Shones, Shon Ap	2
Larroque, Matthieu de	Larroque, Matthieu De	2
Lancton, Thomas.	Lancton, Thomas	2
Dammee, Agamemnon Shaglock van.	Dammee, Agamemnon Shaglock Van	2
Felton, Edmond.	Felton, Edmond	2
Faria e Sousa, Manuel de	Faria E Sousa, Manuel De	2
Woofe, Abraham.	Woofe, Abraham	2
Busbecq, Ogier Ghislain de	Busbecq, Ogier Ghislain De	2
Hawke, Michael.	Hawke, Michael	2
Harcourt, Daniel.	Harcourt, Daniel	2
Plantagenet, Beauchamp.	Plantagenet, Beauchamp	2
Withall, Benjamin.	Withall, Benjamin	2
[Bourne, Henry	Bourne, Henry	2
Baliol, Margaret.	Baliol, Margaret	2
FitzPatrick, Dorothy	Fitzpatrick, Dorothy	2
Eustace, J. S.	Eustace, J S	2
Nash, T.	Nash, T	2
Rousset de Missy, Jean	Rousset De Missy, Jean	2
Lyster, Thomas.	Lyster, Thomas	1
[Keyser, Jan.]	Keyser, Jan	1
[Scot, George	Scot, George	1
[Hill, James	Hill, James	1
[Armstrong, Francis	Armstrong, Francis	1
Goring, Henry.	Goring, Henry	1
Veneer, John.	Veneer, John	1
[Miles, Henry	Miles, Henry	1
Dundas, Ralph.	Dundas, Ralph	1
Shrenock, John.	Shrenock, John	1
Moorhouse, Michael.	Moorhouse, Michael	1
[Pinnell, Matthew]	Pinnell, Matthew	1
[Riddel, Alexander	Riddel, Alexander	1
Ferri de Saint-Constant, J. L. ((Jean-L.)	Ferri De Saint-constant, J L Jean-l	1
[La Croix, Joh. Friedrich Guillus]	Croix, Joh Friedrich Guillus	1
[Neild, Robert]	Neild, Robert	1
Saint-Hyacinthe, Thémiseul de	Saint-hyacinthe, Thémiseul De	1
[Coxe, H. H.	Coxe, H H	1
[Hogben, John	Hogben, John	1
Cooper, W. D.	Cooper, W D	1
Cooper, Oliver St. John.	Cooper, Oliver St John	1
Herries, John.	Herries, John	1
Roye, Jean de.	Roye, Jean De	1
Sully, Maximilien de Bthune	Sully, Maximilien De Bthune	1
Lally-Tolendal, Trophime-Grard	Lally-tolendal, Trophime-grard	1
La Chalotais, Louis-René de Caradeuc de	Chalotais, Louis-rené De Caradeuc De	1
Craven, Charles.	Craven, Charles	1
[Varlo, Charles	Varlo, Charles	1
Argentré, Bertrand d'	Argentré, Bertrand D'	1
Simson, Thomas.	Simson, Thomas	1
O'Connor, Dermod.	O'connor, Dermod	1
[Glenn, John	Glenn, John	1
Outremont, Anselme d'	Outremont, Anselme D'	1
Sanat, de.	Sanat, De	1
Meidel, C.	Meidel, C	1
[Norton, Jone]	Norton, Jone	1
[Rochead, Thomas	Rochead, Thomas	1
[Blair, Hugh	Blair, Hugh	1
[Hay, James	Hay, James	1
[Row, John	Row, John	1
[Napier, William	Napier, William	1
[Irvine, John	Irvine, John	1
[Happer, Thomas]	Happer, Thomas	1
Joynes, Clement.	Joynes, Clement	1
Brook, Chidley.	Brook, Chidley	1
Dotten, John.	Dotten, John	1
Frame, Richard.	Frame, Richard	1
Sainte-Croix, Guillaume-Emmanuel-Joseph Guilhem de Clermont-Lodève	Sainte-croix, Guillaume-emmanuel-joseph Guilhem De Clermont-lodève	1
Harrison, Robert Hanson.	Harrison, Robert Hanson	1
Stow, Joseph.	Stow, Joseph	1
Tanguy de la Boissière, C. C.	Tanguy De La Boissière, C C	1
Power, Alexander.	Power, Alexander	1
Jingle, Bob.	Jingle, Bob	1
Heskith, Thomas.	Heskith, Thomas	1
McClenachan, William	Mcclenachan, William	1
Hewes, Joseph.	Hewes, Joseph	1
Pommereul, François René Jean de	Pommereul, François René Jean De	1
Guirey, William.	Guirey, William	1
Gudin de la Brenellerie, Paul Philippe	Gudin De La Brenellerie, Paul Philippe	1
Northwester, Nat.	Northwester, Nat	1
Bayard, James A.	Bayard, James A	1
Cadet de Gassicourt, Charles Louis	Cadet De Gassicourt, Charles Louis	1
Sturgeon, Robert.	Sturgeon, Robert	1
Argenson, René-Louis de Voyer	Argenson, René-louis De Voyer	1
Calcott, Wellins.	Calcott, Wellins	1
Cunningham, Letitia.	Cunningham, Letitia	1
McKean, Thomas	Mckean, Thomas	1
Smith, Thomas P.	Smith, Thomas P	1
Mouradgea d'Ohsson, Ignatius	Mouradgea D'ohsson, Ignatius	1
Wijnpersse, Dionysius van de	Wijnpersse, Dionysius Van De	1
St. Clair, Arthur	St Clair, Arthur	1
Fairservice, James.	Fairservice, James	1
Ross, Zephaniah.	Ross, Zephaniah	1
Lidenius, John Abraham.	Lidenius, John Abraham	1
Delaire, Jas.	Delaire, Jas	1
Cruse, Englehart.	Cruse, Englehart	1
Koffler, John Frederick.	Koffler, John Frederick	1
Jenks, William.	Jenks, William	1
Jenkins, Griffin.	Jenkins, Griffin	1
Claggett, William.	Claggett, William	1
Cincinnatus, Lucius Quintius.	Cincinnatus, Lucius Quintius	1
Fox, William.	Fox, William	1
Welch, Moses C.	Welch, Moses C	1
Walden, Isaac.	Walden, Isaac	1
Tousard, Louis de	Tousard, Louis De	1
Henderson, Richard.	Henderson, Richard	1
Snyder, G. W.	Snyder, G W	1
Tatem, William.	Tatem, William	1
Schaffer, David.	Schaffer, David	1
Thurman, Ralph.	Thurman, Ralph	1
Scourge, Humphrey.	Scourge, Humphrey	1
Bond, Benjamin.	Bond, Benjamin	1
Simmons, James.	Simmons, James	1
Rochambeau, Donatien-Marie-Joseph de Vimeur	Rochambeau, Donatien-marie-joseph De Vimeur	1
Rochambeau, Jean-Baptiste-Donatien de Vimeur	Rochambeau, Jean-baptiste-donatien De Vimeur	1
Robinson, Nathaniel.	Robinson, Nathaniel	1
Robertson, Alexander.	Robertson, Alexander	1
Redick, John.	Redick, John	1
Ricard, N. X.	Ricard, N X	1
Davies, Benjamin.	Davies, Benjamin	1
Batwell, Daniel.	Batwell, Daniel	1
Read, John K.	Read, John K	1
Harding, Ralph.	Harding, Ralph	1
Forrest, Michael.	Forrest, Michael	1
Martin, Daniel.	Martin, Daniel	1
Murray, Mary Lindley.	Murray, Mary Lindley	1
Ferne, Charles.	Ferne, Charles	1
Micklejohn, George.	Micklejohn, George	1
Durham, Ebenezer.	Durham, Ebenezer	1
Mare, J.	Mare, J	1
Galerm, Jean Baptiste.	Galerm, Jean Baptiste	1
Varnum, James M.	Varnum, James M	1
Mackay, Fitzhugh.	Mackay, Fitzhugh	1
Ziguerer, Christian.	Ziguerer, Christian	1
Freeman, Mylo.	Freeman, Mylo	1
M'Donald, Philip.	M'donald, Philip	1
Lendrum, John.	Lendrum, John	1
Bogatzky, Carl Heinrich von	Bogatzky, Carl Heinrich Von	1
Moyer, John.	Moyer, John	1
Cole, Edward.	Cole, Edward	1
Briggs, Enos.	Briggs, Enos	1
Wyche, William.	Wyche, William	1
Johnson, John I.	Johnson, John I	1
Bradford, Cornelius.	Bradford, Cornelius	1
Van Vleck, Abraham H.	Van Vleck, Abraham H	1
Barkley, Andrew.	Barkley, Andrew	1
Wante, Charles Etienne Pierre.	Wante, Charles Etienne Pierre	1
White, Daniel.	White, Daniel	1
Progg, Philip.	Progg, Philip	1
Rowland, David S.	Rowland, David S	1
Stevens, James Wilson.	Stevens, James Wilson	1
La Condamine, Charles-Marie de	Condamine, Charles-marie De	1
Wells, Richard.	Wells, Richard	1
Nougaret, P. J. B.	Nougaret, P J B	1
Rhees, Morgan J.	Rhees, Morgan J	1
Cooksey, Richard.	Cooksey, Richard	1
Graves, W.	Graves, W	1
Kersaint, Armand-Guy	Kersaint, Armand-guy	1
Crookshanks, John.	Crookshanks, John	1
Rouse-Boughton, Charles William	Rouse-boughton, Charles William	1
Sempill, Hugh Sempill	Sempill, Hugh	1
Philadelphus, Theophilus.	Philadelphus, Theophilus	1
Paradés, Robert de	Paradés, Robert De	1
Amhurst, N.	Amhurst, N	1
Hawke, Edward Hawke	Hawke, Edward	1
Chaumareix, Jean-Hugues Duroy de	Chaumareix, Jean-hugues Duroy De	1
Spanaugle, John.	Spanaugle, John	1
Nickolls, Robert Boucher.	Nickolls, Robert Boucher	1
Young, W. A.	Young, W A	1
Knox, William.	Knox, William	1
De Coetlogon, C. E.	De Coetlogon, C E	1
Vesey, Agmondisham.	Vesey, Agmondisham	1
Beaufort, Louis de	Beaufort, Louis De	1
Müller, Johannes von	Müller, Johannes Von	1
Belle-Isle, Charles Louis Auguste de Fouquet	Belle-isle, Charles Louis Auguste De Fouquet	1
Soulès, François.	Soulès, François	1
Morins, Richard de	Morins, Richard De	1
Howgrave, Francis.	Howgrave, Francis	1
Lally Tollendal, Thomas Arthur de	Lally Tollendal, Thomas Arthur De	1
Ibn Taghrībirdī, Abū al-Maḥāsin Yūsuf	Ibn Taghrībirdī, Abū Al-maḥāsin Yūsuf	1
Dumont, Étienne	Dumont, étienne	1
Barrington, John Shute Barrington	Barrington, John Shute	1
Farmer, J.	Farmer, J	1
Neve, Philip.	Neve, Philip	1
Haller, Albrecht von	Haller, Albrecht Von	1
Émı̈n, Joseph	émı̈n, Joseph	1
Read, T.	Read, T	1
Malesherbes, Chrétien Guillaume de Lamoignon de	Malesherbes, Chrétien Guillaume De Lamoignon De	1
Beaugé, Jean de.	Beaugé, Jean De	1
Jourgniac Saint-Méard, François de	Jourgniac Saint-méard, François De	1
Turenne, Henri de La Tour d'Auvergne	Turenne, Henri De La Tour D'auvergne	1
Sliford, William.	Sliford, William	1
Cunningham, Alexander.	Cunningham, Alexander	1
Guiche, Armand de Gramont	Guiche, Armand De Gramont	1
Winsor, F. A.	Winsor, F A	1
Triveth, Nicolaus.	Triveth, Nicolaus	1
Ulloa, Antonio de	Ulloa, Antonio De	1
Tournefort, Joseph Pitton de	Tournefort, Joseph Pitton De	1
Nisbett, N.	Nisbett, N	1
Nimmo, William.	Nimmo, William	1
Noailles, Louis-Antoine de	Noailles, Louis-antoine De	1
Poulter, E.	Poulter, E	1
Kingsbury, Benjamin.	Kingsbury, Benjamin	1
Leonardo y Argensola, Bartolomé	Leonardo Y Argensola, Bartolomé	1
Archenholz, Johann Wilhelm von	Archenholz, Johann Wilhelm Von	1
Wetherall, John.	Wetherall, John	1
Pinto, Isaac de	Pinto, Isaac De	1
Mahomet, Sake Deen.	Mahomet, Sake Deen	1
O'Flattery, Patrick.	O'flattery, Patrick	1
O'Leary, Arthur	O'leary, Arthur	1
Hearn, Thomas.	Hearn, Thomas	1
Moore, Francis.	Moore, Francis	1
Busnot, Dominique.	Busnot, Dominique	1
Arcq, Philippe-Auguste de Sainte-Foix	Arcq, Philippe-auguste De Sainte-foix	1
Milliken, John.	Milliken, John	1
Telltruth, Jonathan.	Telltruth, Jonathan	1
Zimmermann, Eberhard August Wilhelm von	Zimmermann, Eberhard August Wilhelm Von	1
Stone, W.	Stone, W	1
Curioni, Antonio.	Curioni, Antonio	1
Young, Mary Julia.	Young, Mary Julia	1
Naismith, John.	Naismith, John	1
Lussan, Marguerite de	Lussan, Marguerite De	1
Meirs, John.	Meirs, John	1
Court de Gébelin, Antoine	Court De Gébelin, Antoine	1
Mercy-Argenteau, Florimond-Claude	Mercy-argenteau, Florimond-claude	1
Manwaring, Edward.	Manwaring, Edward	1
Manton, Thomas.	Manton, Thomas	1
Withy, N.	Withy, N	1
Garat, Dominique-Joseph	Garat, Dominique-joseph	1
Symson, David.	Symson, David	1
Sketchley, William.	Sketchley, William	1
Ridgway, James.	Ridgway, James	1
Winlaw, William.	Winlaw, William	1
Hall, R.	Hall, R	1
Turner, R.	Turner, R	1
Colcott, George.	Colcott, George	1
M'Farlan, John.	M'farlan, John	1
Blennerhassett, William.	Blennerhassett, William	1
Venner, Samuel.	Venner, Samuel	1
Bickerstaff, Isaac.	Bickerstaff, Isaac	1
La Bintinaie, Agathon Marie René de.	Bintinaie, Agathon Marie René De	1
Alembert, Jean Lerond d'	Alembert, Jean Lerond D'	1
Capellen, Joan Derk van der	Capellen, Joan Derk Van Der	1
Graves, John.	Graves, John	1
Lirou, Jean-François Espic de Lirou	Lirou, Jean-françois Espic De	1
Krusinśki, Judas Thaddaeus.	Krusinśki, Judas Thaddaeus	1
Desroches de Parthenay, Jean-Baptiste	Desroches De Parthenay, Jean-baptiste	1
Yeats, G. D.	Yeats, G D	1
Cabrera, Juan Tomás Enríquez de	Cabrera, Juan Tomás Enríquez De	1
Jones, Lewis Tobias.	Jones, Lewis Tobias	1
Accarias de Sérionne, Jacques	Accarias De Sérionne, Jacques	1
Oldfield, T. H. B.	Oldfield, T H B	1
La Mottraye, Aubry de	Mottraye, Aubry De	1
Devérité, Louis-Alexandre	Devérité, Louis-alexandre	1
St⁰ahlberg, Georg Georgson.	St⁰ahlberg, Georg Georgson	1
Francia, Francis.	Francia, Francis	1
Randal, Thomas.	Randal, Thomas	1
Neale, Hannah.	Neale, Hannah	1
Hénault, Charles-Jean-François	Hénault, Charles-jean-françois	1
La Fare, Charles-Auguste	Fare, Charles-auguste	1
Denis, Jean-Baptiste	Denis, Jean-baptiste	1
Artis, Gabriel d'	Artis, Gabriel D'	1
Le Scène-Desmaisons, Jacques	Le Scène-desmaisons, Jacques	1
Perreciot, Claude-Joseph	Perreciot, Claude-joseph	1
Borghese, Antonio D. R.	Borghese, Antonio D R	1
Mirabeau, Gabriel-Honoré de Riquetti	Mirabeau, Gabriel-honoré De Riquetti	1
Saint-Maurice de Saint-Leu, de	Saint-maurice De Saint-leu, De	1
Orem, William.	Orem, William	1
Surville, Louis-Charles de Hautefort	Surville, Louis-charles De Hautefort	1
O'Keeffe, J. A.	O'keeffe, J A	1
Gorgy, Jean-Claude	Gorgy, Jean-claude	1
Krusínski, Judas Thaddaeus.	Krusínski, Judas Thaddaeus	1
Wise, Thomas Turner.	Wise, Thomas Turner	1
Jung, Philippe.	Jung, Philippe	1
La Marche, Jean François de	Marche, Jean François De	1
Ferguson, C.	Ferguson, C	1
Ramel, Jean-Pierre	Ramel, Jean-pierre	1
Bethel, Isaac Burke.	Bethel, Isaac Burke	1
Euzénou de Kersalaun, Jean-Vincent	Euzénou De Kersalaun, Jean-vincent	1
Oldbottom, Obadiah.	Oldbottom, Obadiah	1
Archdall, N.	Archdall, N	1
Short, J.	Short, J	1
Raimbert, M.	Raimbert, M	1
Du Roveray, Jaques-Antoine	Du Roveray, Jaques-antoine	1
Hicks, Francis.	Hicks, Francis	1
Cobbe, Richard.	Cobbe, Richard	1
Dennett, R.	Dennett, R	1
Catcott, A. S.	Catcott, S	1
Wheelock, Matthew.	Wheelock, Matthew	1
MacAulay, Alexander	Macaulay, Alexander	1
Spencer, George William.	Spencer, George William	1
Venault de Charmilly, P. F.	Venault De Charmilly, P F	1
Heckford, William.	Heckford, William	1
La Fayette, Marie Joseph Paul Roche Yves Gilbert Du Motier	Fayette, Marie Joseph Paul Roche Yves Gilbert Du Motier	1
Diot, H. E.	Diot, H E	1
Downing, Clement.	Downing, Clement	1
Louvreleul, Jean-Baptiste	Louvreleul, Jean-baptiste	1
Gradin, Arvid.	Gradin, Arvid	1
Upton, Catharine.	Upton, Catharine	1
Croft, R.	Croft, R	1
Cowley, Charlotte.	Cowley, Charlotte	1
Kirkpatrick, Robert.	Kirkpatrick, Robert	1
Dawes, M.	Dawes, M	1
Punderson, Ebenezer.	Punderson, Ebenezer	1
Caddel, Robert.	Caddel, Robert	1
Rutherfurd, John.	Rutherfurd, John	1
Rouire, Jean.	Rouire, Jean	1
Cobbold, John Spencer.	Cobbold, John Spencer	1
Newcome, Susanna.	Newcome, Susanna	1
Stacpoole, George.	Stacpoole, George	1
Dubos, abbé	Dubos, Abbé	1
Gutheridge, James.	Gutheridge, James	1
Belfour, John.	Belfour, John	1
Beaumarchais, Pierre Augustin Caron de	Beaumarchais, Pierre Augustin Caron De	1
Searle, Charles.	Searle, Charles	1
Malet, Jean-Roland.	Malet, Jean-roland	1
Robson, Joseph.	Robson, Joseph	1
Bobbin, Tim.	Bobbin, Tim	1
Owen, W.	Owen, W	1
Hurtley, Thomas.	Hurtley, Thomas	1
Hewat, Alexander.	Hewat, Alexander	1
Thumb, Thomas.	Thumb, Thomas	1
Latocnaye, de.	Latocnaye, De	1
Aumont, J. B. d'.	Aumont, J B D'	1
Uring, Nathaniel.	Uring, Nathaniel	1
Saint Pierre, Charles Irénée Castel de	Saint Pierre, Charles Irénée Castel De	1
Barrow, Joseph Charles.	Barrow, Joseph Charles	1
M'Ure, John.	M'ure, John	1
Glave-Kolbielski, Karol Fryderyk	Glave-kolbielski, Karol Fryderyk	1
Seze, Raymond de	Seze, Raymond De	1
Auld, William.	Auld, William	1
Willis, R. Legge.	Willis, R Legge	1
Plantavit de La Pause, Guillaume	Plantavit De La Pause, Guillaume	1
Taitt, Alexander.	Taitt, Alexander	1
Reck, Philipp Georg Friedrich von	Reck, Philipp Georg Friedrich Von	1
Payba, Abraham.	Payba, Abraham	1
Fischer von Erlach, Johann Bernhard	Fischer Von Erlach, Johann Bernhard	1
Seytfort, C. G.	Seytfort, C G	1
Trapaud, Elisha.	Trapaud, Elisha	1
McLoughlin, Martin	Mcloughlin, Martin	1
Macleod, Hugh.	Macleod, Hugh	1
Palissot de Montenoy, Charles	Palissot De Montenoy, Charles	1
Maclean, Neil.	Maclean, Neil	1
Rawlins, Gershom.	Rawlins, Gershom	1
Grandpre, John.	Grandpre, John	1
Mackensie, Simon.	Mackensie, Simon	1
Axford, John.	Axford, John	1
Pechel, Samuel.	Pechel, Samuel	1
German, Thomas.	German, Thomas	1
Townsend, George.	Townsend, George	1
MacFarlan, Robert	Macfarlan, Robert	1
MacDonald, John	Macdonald, John	1
MacCurtin, Hugh	Maccurtin, Hugh	1
Decker, Paul.	Decker, Paul	1
Eunson, G.	Eunson, G	1
M'Cormick, Charles	M'cormick, Charles	1
Owen, J.	Owen, J	1
Larkins, William.	Larkins, William	1
Mastin, John.	Mastin, John	1
Bruce, John.	Bruce, John	1
Ayloffe, W.	Ayloffe, W	1
Nash, Treadway Russell.	Nash, Treadway Russell	1
Allwood, Philip.	Allwood, Philip	1
Espagnac, Marc-René-Marie d'Amarzit de Sahuguet d'	Espagnac, Marc-rené-marie D'amarzit De Sahuguet D'	1
Power, Richard.	Power, Richard	1
Willis, Henry Norton.	Willis, Henry Norton	1
Ducrest, Charles-Louis	Ducrest, Charles-louis	1
Horn, John.	Horn, John	1
McCulloh, Henry	Mcculloh, Henry	1
Adamson, H.	Adamson, H	1
Wise, R.	Wise, R	1
Bareau de Girac, François	Bareau De Girac, François	1
Wellesley, Richard Wellesley	Wellesley, Richard	1
Claustre, André de.	Claustre, André De	1
Greenwood, J.	Greenwood, J	1
Chénier, Louis de	Chénier, Louis De	1
Calvert, Matthias.	Calvert, Matthias	1
Shepherd, R.	Shepherd, R	1
Guys, Pierre-Alphonse	Guys, Pierre-alphonse	1
Clavière, Étienne	Clavière, étienne	1
Charrier, J. Samuel.	Charrier, J Samuel	1
Greenwood, John Cox.	Greenwood, John Cox	1
Hutchesson, Mann.	Hutchesson, Mann	1
Fall, Robert.	Fall, Robert	1
Porterfield, James.	Porterfield, James	1
Corn-cob, Jonathan.	Corn-cob, Jonathan	1
Slush, Barnaby.	Slush, Barnaby	1
Rodney, George Brydges Rodney	Rodney, George Brydges	1
MacNeven, William James	Macneven, William James	1
De Grey, Amabel Hume-Campbell	De Grey, Amabel Hume-campbell	1
Jourgniac Saint-Méard, François de	Jourgniac Saint-méard, François De	1
Dandridge, Isaac.	Dandridge, Isaac	1
Verdad, Pedro de la.	Verdad, Pedro De La	1
Potter, R.	Potter, R	1
Radcliff, Ebenezer.	Radcliff, Ebenezer	1
Yonge, Francis.	Yonge, Francis	1
Ferrand, Antoine-François-Claude	Ferrand, Antoine-françois-claude	1
McKenna, Theobald	Mckenna, Theobald	1
La Boëtie, Etienne de.	Boëtie, Etienne De	1
Iliff, Edward Henry.	Iliff, Edward Henry	1
Chamberlen, Paul.	Chamberlen, Paul	1
Home, Charles.	Home, Charles	1
Le Mercier, Magdalen.	Le Mercier, Magdalen	1
Caraccioli, Charles Alexander.	Caraccioli, Charles Alexander	1
Boisgelin de Cucé, Jean de Dieu-Raymond de	Boisgelin De Cucé, Jean De Dieu-raymond De	1
Ford, Emanuel.	Ford, Emanuel	1
Lindsay, W. C.	Lindsay, W C	1
Gabriel, R. B.	Gabriel, R B	1
Edmeston, William.	Edmeston, William	1
Phelps, William.	Phelps, William	1
Swit, William.	Swit, William	1
Arnot, James.	Arnot, James	1
Hennessy, George.	Hennessy, George	1
Shanks, Archibald.	Shanks, Archibald	1
Adam-Lauder, Helen.	Adam-lauder, Helen	1
Douglas, Anne Jean.	Douglas, Anne Jean	1
MacLean, Allan	Maclean, Allan	1
Beauvais, Bertrand Poirier de	Beauvais, Bertrand Poirier De	1
Cockburne, Robert.	Cockburne, Robert	1
MacBean, William.	Macbean, William	1
Polhill, Charles.	Polhill, Charles	1
Parisot, Pierre-Curel	Parisot, Pierre-curel	1
Norris, John.	Norris, John	1
Stonestreet, George Griffin.	Stonestreet, George Griffin	1
Velly, Paul François.	Velly, Paul François	1
English, George.	English, George	1
Durell, D.	Durell, D	1
Hamilton, James Edward.	Hamilton, James Edward	1
Manuel, Louis-Pierre	Manuel, Louis-pierre	1
MacMahon, Hugh	Macmahon, Hugh	1
Destutt de Tracy, Antoine Louis Claude	Destutt De Tracy, Antoine Louis Claude	1
Greer, John.	Greer, John	1
Harris, R.	Harris, R	1
La Harpe, Jean-François de	Harpe, Jean-françois De	1
Battye, Thomas.	Battye, Thomas	1
Pescod, Joseph.	Pescod, Joseph	1
Crébillon, Claude Prosper Jolyot de	Crébillon, Claude Prosper Jolyot De	1
Yapp, B.	Yapp, B	1
O'Conor, Daniel Roderick.	O'conor, Daniel Roderick	1
Radclyffe, M.	Radclyffe, M	1
Damiens de Gomicourt, Auguste-Pierre	Damiens De Gomicourt, Auguste-pierre	1
Crowley, Miles.	Crowley, Miles	1
Gordon, Walter.	Gordon, Walter	1
Publicola, Horatius.	Publicola, Horatius	1
Bradney, Joseph.	Bradney, Joseph	1
Valabregue, Israël-Bernard de.	Valabregue, Israël-bernard De	1
M'Cleaver, Sawney	M'cleaver, Sawney	1
McFarlane, James	Mcfarlane, James	1
Jacotius, Desiderius.	Jacotius, Desiderius	1
Montlosier, François-Dominique de Reynaud	Montlosier, François-dominique De Reynaud	1
Lally-Tolendal, Trophime-Gerard	Lally-tolendal, Trophime-gerard	1
Lejeune, J.	Lejeune, J	1
Webster, H.	Webster, H	1
Heriot, J.	Heriot, J	1
McGill, William	Mcgill, William	1
Goodwin, R.	Goodwin, R	1
Chevrières, Jean-Guillaume de.	Chevrières, Jean-guillaume De	1
Lioy, Félix.	Lioy, Félix	1
Mayer, Charles-Joseph	Mayer, Charles-joseph	1
Saxby, Henry.	Saxby, Henry	1
Kennedy, Matthew.	Kennedy, Matthew	1
Gamble, Robert.	Gamble, Robert	1
Arias, Juan Luis.	Arias, Juan Luis	1
Clinch, William.	Clinch, William	1
Auckmuty, Robert.	Auckmuty, Robert	1
Dillon, Arthur-Roger	Dillon, Arthur-roger	1
Staunton, William.	Staunton, William	1
Applegarth, Robert.	Applegarth, Robert	1
Etches, John.	Etches, John	1
Fitz-Crambo, Patrick.	Fitz-crambo, Patrick	1
Holdsworth, E.	Holdsworth, E	1
Parker, E.	Parker, E	1
Figueiredo, Antonio Pereira de	Figueiredo, Antonio Pereira De	1
Gaynam, J.	Gaynam, J	1
Matthisson, Friedrich von.	Matthisson, Friedrich Von	1
Fuller, P.	Fuller, P	1
Hughes, Rice.	Hughes, Rice	1
Malouet, Pierre-Victor	Malouet, Pierre-victor	1
Elking, Henry.	Elking, Henry	1
Abreu de Galindo, Juan de.	Abreu De Galindo, Juan De	1
La Caille, Jean de.	Caille, Jean De	1
Costansó, Miguel.	Costansó, Miguel	1
Suckling, George.	Suckling, George	1
Bruce, Lewis.	Bruce, Lewis	1
Fitzpatrick, Thaddeus.	Fitzpatrick, Thaddeus	1
Combrune, Michael.	Combrune, Michael	1
Cranford, James.	Cranford, James	1
Bear, John.	Bear, John	1
Trydell, John.	Trydell, John	1
Owen, N.	Owen, N	1
Wycliffe, Thomas.	Wycliffe, Thomas	1
Sabourn, Reay.	Sabourn, Reay	1
Monier, Antoine Alexandre.	Monier, Antoine Alexandre	1
Cornwallis, Charles Cornwallis	Cornwallis, Charles	1
Tovey, D'Blossiers	Tovey, D'blossiers	1
Hall-Stevenson, John	Hall-stevenson, John	1
Voght, C.	Voght, C	1
[Emmet, Mary Anne	Emmet, Mary Anne	1
Ivers, Thomas.	Ivers, Thomas	1
Weatherhead, Lawrence.	Weatherhead, Lawrence	1
Heckforth, Reymer.	Heckforth, Reymer	1
Kenrick, W.	Kenrick, W	1
Triebner, Christopher Frederic.	Triebner, Christopher Frederic	1
Moir, J.	Moir, J	1
Salt, Aylmer.	Salt, Aylmer	1
Van Leute, William.	Van Leute, William	1
Standen, Joseph.	Standen, Joseph	1
Revel, James.	Revel, James	1
Hamill, William.	Hamill, William	1
Alembert, Jean Le Rond d'	Alembert, Jean Le Rond D'	1
Averell, W.	Averell, W	1
Ronsard, Pierre de	Ronsard, Pierre De	1
[Godet, Giles]	Godet, Giles	1
Udall, William.	Udall, William	1
[Bennet, Henry	Bennet, Henry	1
[Deye, William]	Deye, William	1
Gwynneth, John.	Gwynneth, John	1
Hitching, Thomas.	Hitching, Thomas	1
Mayenne, Henri de Lorraine	Mayenne, Henri De Lorraine	1
Rochfort, Luke.	Rochfort, Luke	1
Taylor, John.	Taylor, John	1
Shmid von Schmiedebach, Augustin.	Shmid Von Schmiedebach, Augustin	1
Buonaccorsi, Andrea.	Buonaccorsi, Andrea	1
Tailboys, Samuel.	Tailboys, Samuel	1
Rejaule, V.	Rejaule, V	1
Elliots, William.	Elliots, William	1
Russell, Thomas.	Russell, Thomas	1
Zouche of Harringworth, Edward La Zouche	Zouche Of Harringworth, Edward La	1
Donne, George.	Donne, George	1
Crimsal, Richard.	Crimsal, Richard	1
Aston of Forfar, Walter Aston	Aston Of Forfar, Walter	1
Scot, John.	Scot, John	1
Rhodes, Math.	Rhodes, Math	1
Chambers, John.	Chambers, John	1
Squire, John.	Squire, John	1
Gurth, Alexander.	Gurth, Alexander	1
Trolloppe, Thomas.	Trolloppe, Thomas	1
Milles, Tho.	Milles, Tho	1
Langley, Thomas.	Langley, Thomas	1
Caddell, Peter.	Caddell, Peter	1
Lingham, John.	Lingham, John	1
Bilbrough, John.	Bilbrough, John	1
Cipriano, Giovanni.	Cipriano, Giovanni	1
Carter, Richard.	Carter, Richard	1
Étampes-Valençay, Léonor d'	Étampes-valençay, Léonor D'	1
Mill, Tom.	Mill, Tom	1
Muggins, William.	Muggins, William	1
Prempart, Jacques.	Prempart, Jacques	1
Sterrie, D.	Sterrie, D	1
Ofwod, Stephen.	Ofwod, Stephen	1
Studley, Christopher.	Studley, Christopher	1
Fougasses, Thomas de.	Fougasses, Thomas De	1
La Popelinière, Lancelot-Voisin	Popelinière, Lancelot-voisin	1
Oldenbarnevelt, Johan van	Oldenbarnevelt, Johan Van	1
Montmartin, Esaïe du Mats de.	Montmartin, Esaïe Du Mats De	1
Vignier, Nicolas.	Vignier, Nicolas	1
Kelton, Arthur.	Kelton, Arthur	1
Wittenhorst, Walraven van	Wittenhorst, Walraven Van	1
Waerdenburgh, Dirk van.	Waerdenburgh, Dirk Van	1
Kempe, William.	Kempe, William	1
Jonghe, Ellert de.	Jonghe, Ellert De	1
Tyrone, Hugh O'Neill	Tyrone, Hugh O'neill	1
Guise, François de Lorraine	Guise, François De Lorraine	1
Kirkham, William.	Kirkham, William	1
Loper, Christian.	Loper, Christian	1
Alba, Fernando Alvarez de Toledo	Alba, Fernando Alvarez De Toledo	1
Stubbes, Phillip.	Stubbes, Phillip	1
Stella, Johannes.	Stella, Johannes	1
Soranzo, Lazzaro.	Soranzo, Lazzaro	1
Góis, Damião de	Góis, Damião De	1
Cotton, Roger.	Cotton, Roger	1
Spilbergen, Joris van	Spilbergen, Joris Van	1
Seton, John.	Seton, John	1
Sully, Maximilien de Béthune	Sully, Maximilien De Béthune	1
Powel, Daniel.	Powel, Daniel	1
Dalechamp, Caleb.	Dalechamp, Caleb	1
Meara, Dermitius.	Meara, Dermitius	1
Brereton, Henry.	Brereton, Henry	1
Derricke, John.	Derricke, John	1
Thémines, Pons de Lauzière	Thémines, Pons De Lauzière	1
Lesdiguières, François de Bonne	Lesdiguières, François De Bonne	1
Nettles, Stephen.	Nettles, Stephen	1
Milton, Richard.	Milton, Richard	1
Valera, Cipriano de	Valera, Cipriano De	1
Harchies, Josse de	Harchies, Josse De	1
Loiseau de Tourval, Jean.	Loiseau De Tourval, Jean	1
Zárate, Agustin de	Zárate, Agustin De	1
Wilkinson, Edw.	Wilkinson, Edw	1
De la Warr, Thomas West	De La Warr, Thomas West	1
Webbe, William.	Webbe, William	1
La Place, Pierre de	Place, Pierre De	1
Churchson, John.	Churchson, John	1
Laudonnière, René Goulaine de.	Laudonnière, René Goulaine De	1
Hainault, Jean de.	Hainault, Jean De	1
Billerbeg, Franciscus de.	Billerbeg, Franciscus De	1
Castanheda, Fer~nao Lopes de	Castanheda, Fer~nao Lopes De	1
Conestaggio, Gerolamo Franchi di.	Conestaggio, Gerolamo Franchi Di	1
[Lightfoot, William].	Lightfoot, William	1
Belloy, Pierre de	Belloy, Pierre De	1
Marnix van St. Aldegonde, Philips van	Marnix Van St Aldegonde, Philips Van	1
Cottington, R.	Cottington, R	1
Le Challeux, Nicolas.	Le Challeux, Nicolas	1
Gurney, Arthur.	Gurney, Arthur	1
Meteren, Emmanuel van	Meteren, Emmanuel Van	1
Du Nesme, Jean.	Du Nesme, Jean	1
Daunce, Edward.	Daunce, Edward	1
Clere-Ville, Bartholomé de.	Clere-ville, Bartholomé De	1
Geuffroy, Antoine.	Geuffroy, Antoine	1
Blandie, William.	Blandie, William	1
Isselt, Michael von	Isselt, Michael Von	1
Guevara, Antonio de	Guevara, Antonio De	1
Droeshout, John.	Droeshout, John	1
Schomberg, Henri de	Schomberg, Henri De	1
Verslyn, Francis.	Verslyn, Francis	1
Speed, Joshua.	Speed, Joshua	1
Escalante, Bernardino de	Escalante, Bernardino De	1
Scott, Edmund.	Scott, Edmund	1
Granvelle, Antoine Perrenot de	Granvelle, Antoine Perrenot De	1
Aske, James.	Aske, James	1
Avila y Çuñiga, Luis de	Avila Y Çuñiga, Luis De	1
Powel, Joan.	Powel, Joan	1
Byard, George.	Byard, George	1
Saiers, Giles.	Saiers, Giles	1
Peacock, Thomas.	Peacock, Thomas	1
Townsend, Edward.	Townsend, Edward	1
Kettle, Elizabeth.	Kettle, Elizabeth	1
Hopkin, Philip.	Hopkin, Philip	1
Osbolston, Robert.	Osbolston, Robert	1
[Craven, John	Craven, John	1
Rigbey, Richard.	Rigbey, Richard	1
[Bourk, John]	Bourk, John	1
[Burroughs, Cornelius]	Burroughs, Cornelius	1
Berault, Pierre.	Berault, Pierre	1
Blight, Francis.	Blight, Francis	1
Boyer, P.	Boyer, P	1
Carter, W.	Carter, W	1
[Burnet, Gilbert, bishop]	Burnet, Gilbert Bishop	1
Crake, Michael.	Crake, Michael	1
Caseley, Samuel.	Caseley, Samuel	1
Caus, Isaac de	Caus, Isaac De	1
Croom, George.	Croom, George	1
Couch, Robert.	Couch, Robert	1
[Crumby, Alexander]	Crumby, Alexander	1
D'Assigny, Samuel	D'assigny, Samuel	1
[Beckman, Martin	Beckman, Martin	1
[Beridge, John]	Beridge, John	1
Bew, Thomas.	Bew, Thomas	1
[Bishop, Henry]	Bishop, Henry	1
[Borlace, Nicholas	Borlace, Nicholas	1
[Brague, Thomas]	Brague, Thomas	1
Moore of Drogheda, Alice Moore	Moore Of Drogheda, Alice	1
[Breedon, Zacheus]	Breedon, Zacheus	1
Somner, John.	Somner, John	1
Christian, Philip.	Christian, Philip	1
Clarton, F.	Clarton, F	1
Conset, John.	Conset, John	1
[Hawkins, Thomas	Hawkins, Thomas	1
Dakins, Thomas.	Dakins, Thomas	1
Edmonds, Hugh.	Edmonds, Hugh	1
Archer, Elias.	Archer, Elias	1
[Dawson, Richard	Dawson, Richard	1
Dordevic, Bartolomej.	Dordevic, Bartolomej	1
Craford, Thomas.	Craford, Thomas	1
[F[isher], Jo]	Fisher, Jo	1
[Flower, Christopher]	Flower, Christopher	1
Rippon, Thomas.	Rippon, Thomas	1
Glover, Habakkuk.	Glover, Habakkuk	1
Godwin, Edmond.	Godwin, Edmond	1
[Hartley, Ralph]	Hartley, Ralph	1
Mauger, Claude.	Mauger, Claude	1
Holles, Denzil Holles, baron	Holles, Denzil Holles Baron	1
Hiobey, William.	Hiobey, William	1
Houschone, William.	Houschone, William	1
[Hutchinson, Richard]	Hutchinson, Richard	1
Ibeson, James.	Ibeson, James	1
[Jones, Michael	Jones, Michael	1
[Jephson, Michael]	Jephson, Michael	1
Ker, Gilbert.	Ker, Gilbert	1
Lineall, John.	Lineall, John	1
Mainwaring, Randall.	Mainwaring, Randall	1
Marlow, Isaac.	Marlow, Isaac	1
Mead, E.	Mead, E	1
Middleton, Charles Middleton	Middleton, Charles	1
Prinn, John.	Prinn, John	1
Moret, Francois.	Moret, Francois	1
Bassa, Calvin.	Bassa, Calvin	1
[North, J.]	North, J	1
Pechell, Richard.	Pechell, Richard	1
[Gissard, John]	Gissard, John	1
Pinhorne, Henry.	Pinhorne, Henry	1
[Polden, Morgan	Polden, Morgan	1
[Meese, Elizabeth	Meese, Elizabeth	1
Gould, Ignatius.	Gould, Ignatius	1
[Puttock, Richard]	Puttock, Richard	1
Rabisha, William.	Rabisha, William	1
[Rainton, E.]	Rainton, E	1
Raleigh, Walter, Sir	Raleigh, Walter Sir	1
[Rayner, Allen]	Rayner, Allen	1
Raynsford, John.	Raynsford, John	1
Rowland, T.	Rowland, T	1
[Russell, Thomas	Russell, Thomas	1
Sabrin, Syl.	Sabrin, Syl	1
Savery, Isaac.	Savery, Isaac	1
[Sherdley, R.]	Sherdley, R	1
Gooday, George.	Gooday, George	1
[Smith, Richard	Smith, Richard	1
Snelling, Thomas.	Snelling, Thomas	1
Somers, Nathan.	Somers, Nathan	1
[Stewart, Archibald]	Stewart, Archibald	1
[Street, William]	Street, William	1
[Synge, Francis]	Synge, Francis	1
[Thompson, John, of Bingley]	Thompson, John Of Bingley	1
Tilly, Jean T'Serclaes	Tilly, Jean T'serclaes	1
Tourville, Anne-Hilarion de Cotentin	Tourville, Anne-hilarion De Cotentin	1
Gogh, Michiel van.	Gogh, Michiel Van	1
Waddel, John.	Waddel, John	1
[Warner, Eliz.]	Warner, Eliz	1
Luna, Miguel de	Luna, Miguel De	1
[Wattes, Jeremiah]	Wattes, Jeremiah	1
[Whally, Henry]	Whally, Henry	1
Whitfeld, Raphe.	Whitfeld, Raphe	1
Wilkinson, Richard.	Wilkinson, Richard	1
[Wilkinson, Thomas	Wilkinson, Thomas	1
[Wine, Richard]	Wine, Richard	1
Woodcock, Josiah.	Woodcock, Josiah	1
[Wyat, Devereux	Wyat, Devereux	1
Parkhurst, Ferdinando.	Parkhurst, Ferdinando	1
Loe, Lawrence.	Loe, Lawrence	1
[Tart, John]	Tart, John	1
Fleetwood, Richard.	Fleetwood, Richard	1
[Goodwin, John	Goodwin, John	1
Marshall, Marmaduke.	Marshall, Marmaduke	1
Martyn, Richard.	Martyn, Richard	1
Jones, J.	Jones, J	1
Bruzeau, Paul.	Bruzeau, Paul	1
Davis, Nicolas.	Davis, Nicolas	1
Harr, Jo.	Harr, Jo	1
Delme, Jean.	Delme, Jean	1
Burhams, John.	Burhams, John	1
Drewrey, H.	Drewrey, H	1
Odling, Edward.	Odling, Edward	1
Kerby, Margaret.	Kerby, Margaret	1
Lawmind, Abraham.	Lawmind, Abraham	1
Border, D.	Border, D	1
Cailloüé, Jean.	Cailloüé, Jean	1
Hamilton, Elizabeth Hamilton	Hamilton, Elizabeth	1
Adrichem, Christiaan van	Adrichem, Christiaan Van	1
[Richardson, Thomas	Richardson, Thomas	1
Eustace, James.	Eustace, James	1
[Wray, Christopher]	Wray, Christopher	1
O'Neill, Frances	O'neill, Frances	1
Seal, James.	Seal, James	1
Rousseau de la Valette, Michel.	Rousseau De La Valette, Michel	1
Ward, Edward.	Ward, Edward	1
[Dudley, Gamaliel]	Dudley, Gamaliel	1
Langrish, Hercules.	Langrish, Hercules	1
Machell, Thomas.	Machell, Thomas	1
Gardiner, James.	Gardiner, James	1
James, Elinor.	James, Elinor	1
Labrune, Jean de.	Labrune, Jean De	1
Nihell, James.	Nihell, James	1
Lander, Thomas.	Lander, Thomas	1
Nisbet, William.	Nisbet, William	1
Smith, William.	Smith, William	1
Whittington, John.	Whittington, John	1
Lacy, Margaret.	Lacy, Margaret	1
Gander, Joseph.	Gander, Joseph	1
Devenish, Thomas.	Devenish, Thomas	1
Conti, Louise-Marguerite de Lorraine	Conti, Louise-marguerite De Lorraine	1
White, L.	White, L	1
McGrigor, Evan.	Mcgrigor, Evan	1
Glanius, W.	Glanius, W	1
Willsford, John.	Willsford, John	1
Bennet, Dorcas.	Bennet, Dorcas	1
Bastwick, Susanna.	Bastwick, Susanna	1
Lowman, R.	Lowman, R	1
Rehakosht, P.	Rehakosht, P	1
Bullord, John.	Bullord, John	1
Valkenburgh, Johannes Velmont van.	Valkenburgh, Johannes Velmont Van	1
Lyngue, John.	Lyngue, John	1
MacDonnel, Alexander	Macdonnel, Alexander	1
Skene, Alexander.	Skene, Alexander	1
Berault, Peter.	Berault, Peter	1
Carr, William.	Carr, William	1
Bagaley, Humphrey.	Bagaley, Humphrey	1
Welles, John.	Welles, John	1
Tillam, Thomas.	Tillam, Thomas	1
Marguerite, Queen, consort of Henry IV, King of France	Marguerite, Queen Consort Of Henry Iv King Of France	1
Trinder, Charles.	Trinder, Charles	1
Elborough, Robert.	Elborough, Robert	1
Cock, Charles George.	Cock, Charles George	1
St. Nichlas, Thomas.	St Nichlas, Thomas	1
Huddleston, Ferdinando.	Huddleston, Ferdinando	1
Keble, Samuel.	Keble, Samuel	1
Mathew, John.	Mathew, John	1
[L'Estrange, Roger	L'estrange, Roger	1
Leech, Benjamin.	Leech, Benjamin	1
Duckett, Thomas.	Duckett, Thomas	1
Bromley, Richard.	Bromley, Richard	1
Borfet, Abiel.	Borfet, Abiel	1
Clement, Simon.	Clement, Simon	1
Christian, Edward.	Christian, Edward	1
Pierson, T.	Pierson, T	1
Miles, Abraham.	Miles, Abraham	1
Goddard, Ezekiel.	Goddard, Ezekiel	1
Gill, George.	Gill, George	1
Burd, Richard.	Burd, Richard	1
Freeman, Elizabeth.	Freeman, Elizabeth	1
Varet, Alexandre-Louis	Varet, Alexandre-louis	1
Ferrarius, Gulielmus.	Ferrarius, Gulielmus	1
Bromwich, Isaac.	Bromwich, Isaac	1
Wyndham, Edmond.	Wyndham, Edmond	1
Wyndham, Anne.	Wyndham, Anne	1
Howard of Escrick, William Howard	Howard Of Escrick, William	1
Russell, John.	Russell, John	1
Griffyth, W.	Griffyth, W	1
Fitz-Gerald, Maurice.	Fitz-gerald, Maurice	1
Bland, John.	Bland, John	1
Rowe, Matthew.	Rowe, Matthew	1
Griebe, Conrade.	Griebe, Conrade	1
Case, W.	Case, W	1
Printall, Henry.	Printall, Henry	1
Ryck, de	Ryck, De	1
Grybius, Johannes.	Grybius, Johannes	1
Knowles, Tobias.	Knowles, Tobias	1
Tarlton, John.	Tarlton, John	1
Stocall, James.	Stocall, James	1
Smithurst, Benjamine.	Smithurst, Benjamine	1
Consett, Henry.	Consett, Henry	1
Wiltens, Nikolaas.	Wiltens, Nikolaas	1
Portington, Henry.	Portington, Henry	1
Lindsey, Major.	Lindsey, Major	1
Money, William.	Money, William	1
Griffin, Lewis.	Griffin, Lewis	1
Rocket, John.	Rocket, John	1
Van Laitz, W.	Van Laitz, W	1
Ponteus, John.	Ponteus, John	1
Vaux, Anthony.	Vaux, Anthony	1
Fisher, Abigail.	Fisher, Abigail	1
Farmer, Ralph.	Farmer, Ralph	1
Penruddock, Arundell.	Penruddock, Arundell	1
Ruthven, Patrick Ruthven	Ruthven, Patrick	1
Robertson, John.	Robertson, John	1
Mingzeis, Alexander.	Mingzeis, Alexander	1
Harold, Thomas.	Harold, Thomas	1
Elmeston, John.	Elmeston, John	1
Mascall, William.	Mascall, William	1
La Rochefoucauld, François	Rochefoucauld, François	1
Love, Jeremiah.	Love, Jeremiah	1
Harby, Thomas.	Harby, Thomas	1
Leslie, William Lewis.	Leslie, William Lewis	1
[Du Moulin, Louis].	Du Moulin, Louis	1
Greenway, R.	Greenway, R	1
Beauvais, Charles de.	Beauvais, Charles De	1
Guillims, George.	Guillims, George	1
Magrath, James.	Magrath, James	1
[Bundy, John].	Bundy, John	1
Blagrave, Charles.	Blagrave, Charles	1
English gentleman, attending the court of the King of Great Britain.	English Gentleman, The Court Of The King Of Great Britain	1
Mullinax, John.	Mullinax, John	1
Fortescue, Anthony.	Fortescue, Anthony	1
White, Ignatius.	White, Ignatius	1
Camões, Luís de	Camões, Luís De	1
Ocane, Donell.	Ocane, Donell	1
Norcroft, John.	Norcroft, John	1
La Fin, Charles de.	Fin, Charles De	1
Chadlicot, Thomas.	Chadlicot, Thomas	1
Bulwarke, William.	Bulwarke, William	1
Harbotle, Henry.	Harbotle, Henry	1
Starbuck, William.	Starbuck, William	1
Dendy, Edward.	Dendy, Edward	1
Caddy, William.	Caddy, William	1
Tuttell, Richard.	Tuttell, Richard	1
Smyth, Anne.	Smyth, Anne	1
[Bosevile, Thomas].	Bosevile, Thomas	1
Yolkney, Walter.	Yolkney, Walter	1
Bard, W.	Bard, W	1
Mʹendez de Haro, Luis	Mʹendez De Haro, Luis	1
Kilburne, William.	Kilburne, William	1
Truelove, Richard.	Truelove, Richard	1
Chetwind, Philip.	Chetwind, Philip	1
Jenkes, Edward.	Jenkes, Edward	1
[Johnstoun, Arch.].	Johnstoun, Arch	1
Frierson, Henry.	Frierson, Henry	1
Crisp, Nicholas.	Crisp, Nicholas	1
Riders, Thomas.	Riders, Thomas	1
Hunscot, Joseph.	Hunscot, Joseph	1
Leicester, John.	Leicester, John	1
Lilburne, Elizabeth.	Lilburne, Elizabeth	1
Smith, R.	Smith, R	1
Tustin, John.	Tustin, John	1
Chidley, Katherine.	Chidley, Katherine	1
Belcamp, Jo. V	Belcamp, Jo V	1
Malpas, Thomas.	Malpas, Thomas	1
Mitton, Peter.	Mitton, Peter	1
Bridges, W.	Bridges, W	1
Fary, John.	Fary, John	1
Rhodes, Simon.	Rhodes, Simon	1
Blois, W.	Blois, W	1
Spry, Robert.	Spry, Robert	1
Foster, Nicholas.	Foster, Nicholas	1
Balzac, Jean-Louis Guez	Balzac, Jean-louis Guez	1
Norwood, Anthony.	Norwood, Anthony	1
[Mountagu, Zacheus].	Mountagu, Zacheus	1
Johnsen, H.	Johnsen, H	1
Bramstone, J.	Bramstone, J	1
Channel, Elinor.	Channel, Elinor	1
Collinne, William.	Collinne, William	1
Beeckman, Daniel.	Beeckman, Daniel	1
Brégy, Charlotte Saumaise de Chazan	Brégy, Charlotte Saumaise De Chazan	1
Gery, William.	Gery, William	1
Fitz-Brian, R.	Fitz-brian, R	1
Jones, Bassett.	Jones, Bassett	1
Doyley, Edward.	Doyley, Edward	1
Howsegoe, Thomas.	Howsegoe, Thomas	1
Heaman, Roger.	Heaman, Roger	1
Clarke, Frances.	Clarke, Frances	1
Williamson, R.	Williamson, R	1
Turmiger, Bevill.	Turmiger, Bevill	1
Salter, Christopher.	Salter, Christopher	1
Vaughan, Evan.	Vaughan, Evan	1
Blaithwaite, Mary.	Blaithwaite, Mary	1
Coker, Matthew.	Coker, Matthew	1
Dunstervile, Thomas.	Dunstervile, Thomas	1
Cornubiensis, Johannes.	Cornubiensis, Johannes	1
Stoakes, John.	Stoakes, John	1
Fell, Christopher.	Fell, Christopher	1
Leveck, Joseph.	Leveck, Joseph	1
Bill, Edward.	Bill, Edward	1
Burthall, Raunce.	Burthall, Raunce	1
Westup, William.	Westup, William	1
Chappel, Samuel.	Chappel, Samuel	1
Hasclock, John.	Hasclock, John	1
Cent, Nehemiah.	Cent, Nehemiah	1
Coster, Robert.	Coster, Robert	1
Stuart, George.	Stuart, George	1
Lisle, Francis.	Lisle, Francis	1
Robins, Robert.	Robins, Robert	1
Faldo, Thomas.	Faldo, Thomas	1
Cowling, Nicholas.	Cowling, Nicholas	1
Strange, Jacob.	Strange, Jacob	1
Hill, Miles.	Hill, Miles	1
Fidge, George.	Fidge, George	1
Banaster, Thomas.	Banaster, Thomas	1
Bethel, Hugh.	Bethel, Hugh	1
Awdeley, Lewis.	Awdeley, Lewis	1
Jurin, John.	Jurin, John	1
Walton, J.	Walton, J	1
Warwick, William.	Warwick, William	1
Bently, John.	Bently, John	1
Burdet, John.	Burdet, John	1
[Jones, Robert].	Jones, Robert	1
Taswell, James.	Taswell, James	1
Elencticus, Mercurius.	Elencticus, Mercurius	1
Cradock, Peter.	Cradock, Peter	1
Tracey, H.	Tracey, H	1
Levitt, William.	Levitt, William	1
Prince, Thomas.	Prince, Thomas	1
Wood, Adam.	Wood, Adam	1
Weldon, Robert.	Weldon, Robert	1
Warr, John.	Warr, John	1
Primi Fassola di San Maiolo, Giovan Battista Feliciano	Primi Fassola Di San Maiolo, Giovan Battista Feliciano	1
Philanactos, Demophilus.	Philanactos, Demophilus	1
Gondomar, Diego Sarmiento de Acuña	Gondomar, Diego Sarmiento De Acuña	1
Raie, C.	Raie, C	1
Pellisson-Fontanier, Paul	Pellisson-fontanier, Paul	1
Masterson, George.	Masterson, George	1
Henden, Simon.	Henden, Simon	1
Hubbard, Benjamin.	Hubbard, Benjamin	1
Samson, Thomas.	Samson, Thomas	1
Grey, Enoch.	Grey, Enoch	1
Wheatly, W.	Wheatly, W	1
Grene, Giles.	Grene, Giles	1
Lawcey, William.	Lawcey, William	1
Tell-Troth, Thomas.	Tell-troth, Thomas	1
Knight, R.	Knight, R	1
Marshe, Adam.	Marshe, Adam	1
Hackluyt, John.	Hackluyt, John	1
Godfrey, N.	Godfrey, N	1
Burfoit, T.	Burfoit, T	1
Worth-Rush, John.	Worth-rush, John	1
Cary, Mary.	Cary, Mary	1
Sharpe, W.	Sharpe, W	1
Neale, R.	Neale, R	1
Burch, W.	Burch, W	1
Reymes, B.	Reymes, B	1
Pounset, John.	Pounset, John	1
Smart, Roger.	Smart, Roger	1
Fornace, W.	Fornace, W	1
Willis, Humphrey.	Willis, Humphrey	1
Sitrauk, W.	Sitrauk, W	1
Umfrevile, William.	Umfrevile, William	1
Lanseter, John.	Lanseter, John	1
Maddocks, John.	Maddocks, John	1
Haslock, John.	Haslock, John	1
Drapes, Edward.	Drapes, Edward	1
Alle, Thomas.	Alle, Thomas	1
Benbrigge, John.	Benbrigge, John	1
Hansard, William.	Hansard, William	1
[Digby, John]	Digby, John	1
Bedford, Samuel.	Bedford, Samuel	1
Pricket, Robert.	Pricket, Robert	1
Saye and Sele, William Fiennes	Saye And Sele, William Fiennes	1
Keeling, Josias.	Keeling, Josias	1
Price, Evan.	Price, Evan	1
Lilburne, George.	Lilburne, George	1
Gilbert, Eleazar.	Gilbert, Eleazar	1
Mazzella, Scipione.	Mazzella, Scipione	1
Thorogood, B.	Thorogood, B	1
Praed, John.	Praed, John	1
Poseley, M.	Poseley, M	1
Beamount, Thomas.	Beamount, Thomas	1
Loyd, Morgan.	Loyd, Morgan	1
Sainte-Marthe, Scévole de	Sainte-marthe, Scévole De	1
Elger, Christopher.	Elger, Christopher	1
Pooley, W.	Pooley, W	1
Hyword, Abel.	Hyword, Abel	1
Stoppa, Giovanni Battista.	Stoppa, Giovanni Battista	1
Wenlock, John.	Wenlock, John	1
Weyer, Florence.	Weyer, Florence	1
Geaves, William.	Geaves, William	1
Pugh, Hugh.	Pugh, Hugh	1
Meredith, Walter.	Meredith, Walter	1
Carre, James.	Carre, James	1
Monck, Thomas.	Monck, Thomas	1
Johnsons, Thomas.	Johnsons, Thomas	1
Colepeper, John Colepeper	Colepeper, John	1
Aldworth, Richard.	Aldworth, Richard	1
D'Anvers, Alicia.	D'anvers, Alicia	1
Baber, John.	Baber, John	1
Dickenson, Henry.	Dickenson, Henry	1
Stuteville, Thomas.	Stuteville, Thomas	1
Hodgskins, John.	Hodgskins, John	1
Prescot, Giles.	Prescot, Giles	1
Batt., Gil.	Batt, Gil	1
Grelot, Guillaume-Joseph	Grelot, Guillaume-joseph	1
Conway of Conway Castle, Edward Conway	Conway Of Conway Castle, Edward	1
Proast, Jonas.	Proast, Jonas	1
La Loubère, Simon de	Loubère, Simon De	1
Tempest, George.	Tempest, George	1
Dodsworth, Christopher.	Dodsworth, Christopher	1
Norwood, Thomas.	Norwood, Thomas	1
Mason, Abel.	Mason, Abel	1
St. Albans, Henry Jermyn	St Albans, Henry Jermyn	1
Dalicourt, P.	Dalicourt, P	1
Glapthorne, Henry.	Glapthorne, Henry	1
Aitzema, Lieuwe van	Aitzema, Lieuwe Van	1
Emitie, Thomas.	Emitie, Thomas	1
Luxembourg, François-Henri de Montmorency	Luxembourg, François-henri De Montmorency	1
Whittel, John.	Whittel, John	1
Calle, Caleb.	Calle, Caleb	1
Cardenas, Alonso de.	Cardenas, Alonso De	1
Chassepol, François de	Chassepol, François De	1
Trusty, Roger.	Trusty, Roger	1
Beek, J.	Beek, J	1
Duke, Henry.	Duke, Henry	1
Byron, John Byron	Byron, John	1
[Hutchinson, Richard].	Hutchinson, Richard	1
[Jameson, John	Jameson, John	1
Haggar, Henry.	Haggar, Henry	1
Lund, Niels.	Lund, Niels	1
Lovewel, John.	Lovewel, John	1
Feud, C.	Feud, C	1
Dormer, P.	Dormer, P	1
Billing, R.	Billing, R	1
Kinderslie, Robert.	Kinderslie, Robert	1
Dowdall, Henry.	Dowdall, Henry	1
Wilson, H.	Wilson, H	1
Melish, Stephen.	Melish, Stephen	1
Cresheld, Richard.	Cresheld, Richard	1
Puttock, Roger.	Puttock, Roger	1
Bond, Samson.	Bond, Samson	1
Watson, Lion.	Watson, Lion	1
Kilborne, Patrick.	Kilborne, Patrick	1
Powell, John.	Powell, John	1
Pigot, Alexander.	Pigot, Alexander	1
Vaelckern, Johann Peter von.	Vaelckern, Johann Peter Von	1
Atkinson, Thomas.	Atkinson, Thomas	1
Astell, Ralph.	Astell, Ralph	1
Hursey, Roger.	Hursey, Roger	1
Metford, James.	Metford, James	1
Wilson, Elias.	Wilson, Elias	1
Williamson, Robert.	Williamson, Robert	1
Sousa de Macedo, António de	Sousa De Macedo, António De	1
Scotten, Edmund.	Scotten, Edmund	1
Scot, Philip.	Scot, Philip	1
Thompkins, Edward.	Thompkins, Edward	1
[Clarke, Thomas	Clarke, Thomas	1
Powel, R.	Powel, R	1
Davy, Henry.	Davy, Henry	1
Rone, Elizabeth.	Rone, Elizabeth	1
Home, James Home	Home, James	1
Cliffe, E.	Cliffe, E	1
Audley, John.	Audley, John	1
[Sicklemore, James]	Sicklemore, James	1
Turner, Ambrose.	Turner, Ambrose	1
Bell, John.	Bell, John	1
Chambrun, Jacques Pineton de	Chambrun, Jacques Pineton De	1
Merrifield, John.	Merrifield, John	1
Grey, Thomas.	Grey, Thomas	1
Taylor, J.	Taylor, J	1
Beck, Margaret.	Beck, Margaret	1
Groot, Pieter de	Groot, Pieter De	1
Potter, William.	Potter, William	1
Forbes, Alexander Forbes	Forbes, Alexander	1
Aubery du Maurier, Louis	Aubery Du Maurier, Louis	1
Brocket, William.	Brocket, William	1
O'Connor, Bonaventura.	O'connor, Bonaventura	1
Widmerpole, Joseph.	Widmerpole, Joseph	1
Alured, Thomas.	Alured, Thomas	1
Vila Flor, Sancho Manuel de Vilhena	Vila Flor, Sancho Manuel De Vilhena	1
Golbee, John.	Golbee, John	1
Hippisley, Edmund.	Hippisley, Edmund	1
Stephens, Stephen.	Stephens, Stephen	1
Sousa de Macedo, António de	Sousa De Macedo, António De	1
Joceline, Nathaniel.	Joceline, Nathaniel	1
Philodemius, Eleutherius.	Philodemius, Eleutherius	1
Redingstone, John.	Redingstone, John	1
Dymock, Thomas W.	Dymock, Thomas W	1
Zeale, John.	Zeale, John	1
Clark, Joseph Wilkinson.	Clark, Joseph Wilkinson	1
Harsnet, Samuel.	Harsnet, Samuel	1
Jubbes, John.	Jubbes, John	1
Wardlace, James.	Wardlace, James	1
Espagne, Jean d'	Espagne, Jean D'	1
Do-Well, Theophilus.	Do-well, Theophilus	1
Maguire, Francis.	Maguire, Francis	1
Mean-well, Ralph.	Mean-well, Ralph	1
Camus, Jean-Pierre	Camus, Jean-pierre	1
Trivery, Jeremiah.	Trivery, Jeremiah	1
Kightley, Edward.	Kightley, Edward	1
Murford, Peter.	Murford, Peter	1
Riville, P.	Riville, P	1
Benningfield, W.	Benningfield, W	1
Boys, William.	Boys, William	1
Meeke, William.	Meeke, William	1
Jesland, Thomas.	Jesland, Thomas	1
Booker, Richard.	Booker, Richard	1
Burlacey, Miles.	Burlacey, Miles	1
MacConnor, Dermond	Macconnor, Dermond	1
Coote, Chidly.	Coote, Chidly	1
Moore of Drogheda, Charles Moore	Moore Of Drogheda, Charles	1
Sammel, L.	Sammel, L	1
Mariana, Juan de	Mariana, Juan De	1
Mézeray, François Eudes de	Mézeray, François Eudes De	1
Worden, Thomas.	Worden, Thomas	1
Blouin de la Piquetierre, Michel.	Blouin De La Piquetierre, Michel	1
Culpepper, C.	Culpepper, C	1
Fitz-Gerrald, John.	Fitz-gerrald, John	1
Philoroy, Philopater.	Philoroy, Philopater	1
Roch, Patrick.	Roch, Patrick	1
Cox, Owen.	Cox, Owen	1
Travers, Jacob.	Travers, Jacob	1
Bennet, Joseph.	Bennet, Joseph	1
Belwood, Thomas.	Belwood, Thomas	1
Strutton, Richard.	Strutton, Richard	1
Hamblet, John.	Hamblet, John	1
Hurtado de Mendoza, Antonio	Hurtado De Mendoza, Antonio	1
Burgine, Darby.	Burgine, Darby	1
Hearne, Robert.	Hearne, Robert	1
Faria, Francisco de	Faria, Francisco De	1
Muschamp, Agmondisham.	Muschamp, Agmondisham	1
Pursell, Francis.	Pursell, Francis	1
Aubignac, François-Hédelin	Aubignac, François-hédelin	1
Kittermaster, Thomas.	Kittermaster, Thomas	1
Ivie, Thomas.	Ivie, Thomas	1
Widdrington, William Widdrington	Widdrington, William	1
Bispham, Thomas.	Bispham, Thomas	1
Middleton, John Middleton	Middleton, John	1
Ellis, Thomas.	Ellis, Thomas	1
Pryor, William.	Pryor, William	1
Crompton, Thomas.	Crompton, Thomas	1
Springham, Thomas.	Springham, Thomas	1
Mantell, Walter.	Mantell, Walter	1
Beverley, Thomas.	Beverley, Thomas	1
Harris, B.	Harris, B	1
Guillet de Saint-Georges, Georges	Guillet De Saint-georges, Georges	1
Dey, Richard.	Dey, Richard	1
Tirrell, Henry.	Tirrell, Henry	1
Elizabeth, consort of Frederick I, King of Bohemia	Elizabeth, Consort Of Frederick I King Of Bohemia	1
Thims, Gregory.	Thims, Gregory	1
Jones, E.	Jones, E	1
Cokayne, John.	Cokayne, John	1
Martin, Martin	Martin, 	1
Aranda, Emanuel d'	Aranda, Emanuel D'	1
Morgan, T.	Morgan, T	1
Hannay, Robert.	Hannay, Robert	1
Rouse, Anthony.	Rouse, Anthony	1
Yalden, John.	Yalden, John	1
Olaus, Archbishop of Uppsala	Olaus, Of Uppsala	1
Navailles, Philippe de Montault de Bénac	Navailles, Philippe De Montault De Bénac	1
Daniell, Benjamin.	Daniell, Benjamin	1
Launoy, Jean de	Launoy, Jean De	1
Felton, William.	Felton, William	1
Bennet, Isaac.	Bennet, Isaac	1
Thun und Hohenstein, Frantz Siegmund	Thun Und Hohenstein, Frantz Siegmund	1
Rinaldo, Giovanni.	Rinaldo, Giovanni	1
Row, William.	Row, William	1
McCarmick, William.	Mccarmick, William	1
Camilton, John.	Camilton, John	1
Brodrick, St. John	Brodrick, St John	1
Cuffe, Maurice.	Cuffe, Maurice	1
Hallowes, John.	Hallowes, John	1
Skout, J.	Skout, J	1
T. R., Gent.	T R, Gent	1
Gordricke, William.	Gordricke, William	1
Dole, Dorcas.	Dole, Dorcas	1
Payne, Nicholas.	Payne, Nicholas	1
Crant, Thomas.	Crant, Thomas	1
Tresilian, Thomas.	Tresilian, Thomas	1
Sampson, Lat.	Sampson, Lat	1
Aickin, Joseph.	Aickin, Joseph	1
[Byron, George	Byron, George	1
[Williams, Guilielmo	Williams, Guilielmo	1
Valogne, Mark Anthony de.	Valogne, Mark Anthony De	1
Brimful, Benjamin.	Brimful, Benjamin	1
Freke, John.	Freke, John	1
Blanchevile, Margaret.	Blanchevile, Margaret	1
Baliol, Rachel.	Baliol, Rachel	1
Grace, Lettice.	Grace, Lettice	1
Molony, Dennis.	Molony, Dennis	1
[Wolseley, Robert]	Wolseley, Robert	1
Luttrell, Catherine.	Luttrell, Catherine	1
Brough, Walter.	Brough, Walter	1
Fagan, Peter.	Fagan, Peter	1
Skelton, Mary.	Skelton, Mary	1
Hussey, John.	Hussey, John	1
Nugent, Ridgly.	Nugent, Ridgly	1
Dyke, Joseph.	Dyke, Joseph	1
Berthollet, Claude-Louis	Berthollet, Claude-louis	1
Peyton, V. J.	Peyton, V J	1
Usher, G.	Usher, G	1
Mey, sieur de.	Mey, De	1
Mulford, Samuel.	Mulford, Samuel	1
Renolds, George.	Renolds, George	1
Stradiotti, Antonio.	Stradiotti, Antonio	1
Schomberg, R.	Schomberg, R	1
Park, Robert.	Park, Robert	1
Findlater, William.	Findlater, William	1
Grandy, Richard.	Grandy, Richard	1
Egerton, Charles.	Egerton, Charles	1
Agar, James.	Agar, James	1
Prescot, Kenrick.	Prescot, Kenrick	1
Eon de Beaumont, Charles Geneviève Louis Auguste André Timothée d'	Eon De Beaumont, Charles Geneviève Louis Auguste André Timothée D'	1
Cotsford, Edward.	Cotsford, Edward	1
Vertot, abbé de	Vertot, Abbé De	1
Sayer, Edward.	Sayer, Edward	1
Bligh, Reginald.	Bligh, Reginald	1
Ferguson, T.	Ferguson, T	1
Montfaucon, Bernard de	Montfaucon, Bernard De	1
Moysie, David.	Moysie, David	1
Blackburn, J.	Blackburn, J	1
Bussy, Roger de Rabutin	Bussy, Roger De Rabutin	1
Granville, Charles.	Granville, Charles	1
Meanwell, J.	Meanwell, J	1
Hunt, Rowland.	Hunt, Rowland	1
Wilson, Jonathan.	Wilson, Jonathan	1
Bassi, M.	Bassi, M	1
Anquetil, Louis-Pierre	Anquetil, Louis-pierre	1
Rhudd, John.	Rhudd, John	1
Blanch, N.	Blanch, N	1
Cameron, Andrew.	Cameron, Andrew	1
Chabannes, Joseph-Gaspard-Gilbert de	Chabannes, Joseph-gaspard-gilbert De	1
Johnston, Robert.	Johnston, Robert	1
Fabrice, Friedrich Ernst von	Fabrice, Friedrich Ernst Von	1
Shea, P.	Shea, P	1
Ovalle, Alonso de	Ovalle, Alonso De	1
Harrison, Conyers.	Harrison, Conyers	1
David, Pierre Drapeyron de	David, Pierre Drapeyron De	1
Le Barbier, J. L.	Le Barbier, J L	1
Querno, Camillo.	Querno, Camillo	1
Nisbet, Gabriel.	Nisbet, Gabriel	1
Nicholson, Edward.	Nicholson, Edward	1
Jennings, Richard Downing.	Jennings, Richard Downing	1
Adamson, J.	Adamson, J	1
Ashton, James-Brown.	Ashton, James-brown	1
O'Roon, Hellen.	O'roon, Hellen	1
Béraud, Paul-Emilien	Béraud, Paul-emilien	1
Faulkener, Charles.	Faulkener, Charles	1
Pullen, John.	Pullen, John	1
Curtius, Marcus.	Curtius, Marcus	1
